Data,Light Vehicle Sales,Light Vehicle Sales,Light Vehicle Sales,Technology Market Shares,Technology Market Shares,Technology Market Shares,Technology Market Shares,Technology Market Shares,Technology Market Shares,Technology Market Shares,Technology Market Shares,Technology Market Shares,Technology Market Shares,Technology Market Shares,Technology Market Shares,Technology Market Shares,Technology Market Shares,Technology Market Shares,Technology Market Shares,Technology Market Shares,Technology Market Shares,Technology Market Shares,Technology Market Shares,Technology Market Shares,Technology Market Shares,Technology Market Shares,Technology Market Shares,Technology Market Shares,Technology Market Shares,"Light Duty Vehicle Stock, million","Light Duty Vehicle Stock, million","Light Duty Vehicle Stock, million","Light Duty Vehicle Stock, million","Light Duty Vehicle Stock, million","Light Duty Vehicle Stock, million","Light Duty Vehicle Stock, million","Light Duty Vehicle Stock, million","Light Duty Vehicle Stock, million","Light Duty Vehicle Stock, million","Light Duty Vehicle Stock, million","Light Duty Vehicle Stock, million","Light Duty Vehicle Stock, million","Light Duty Vehicle Stock, million","Light Duty Vehicle Stock, million","Light Duty Vehicle Stock, million","Light Duty Vehicle Stock, million","Light Duty Vehicle Stock, million","Light Duty Vehicle Stock, million","Light Duty Vehicle Stock, million","Light Duty Vehicle Stock, million","Light Duty Vehicle Stock, million","Light Duty Vehicle Stock, million","Light Duty Vehicle Stock, million","Light Duty Vehicle Stock, million","Light Duty Vehicle Stock, million","Light Duty Vehicle Stock, million","Light Duty Vehicle Stock, million"
Size,LDV,Light truck,Car,Car,Car,Car,Car,Car,Car,Car,Car,Car,Car,Car,Car,Car,Light truck,Light truck,Light truck,Light truck,Light truck,Light truck,Light truck,Light truck,Light truck,Light truck,Light truck,Light truck,Light truck,Car,Car,Car,Car,Car,Car,Car,Car,Car,Car,Car,Car,Car,Car,Light truck,Light truck,Light truck,Light truck,Light truck,Light truck,Light truck,Light truck,Light truck,Light truck,Light truck,Light truck,Light truck,Light truck
Year,Total LDV Sales,Size market share,Size market share,Gasoline ICE,EV100,EV200,E85 FFV,Diesel ICE,CNG,SI HEV on Gas,SI HEV on E85/H2,Diesel HEV,SI PHEV 10,SI PHEV 40,Diesel PHEV,FCV,Gasoline ICE,EV100,EV200,E85 FFV,Diesel ICE,CNG,SI HEV on Gas,SI HEV on E85/H2,Diesel HEV,SI PHEV 10,SI PHEV 40,Diesel PHEV,FCV,Gasoline ICE,EV100,EV200,E85 FFV,Diesel ICE,CNG,SI HEV on Gas,SI HEV on E85/H2,Diesel HEV,SI PHEV 10,SI PHEV 40,Diesel PHEV,FCV,Total,Gasoline ICE,EV100,EV200,E85 FFV,Diesel ICE,CNG,SI HEV on Gas,SI HEV on E85/H2,Diesel HEV,SI PHEV 10,SI PHEV 40,Diesel PHEV,FCV,Total
1970,9867000,0.148272018,0.851727982,0.9997,0,0,0,0.0003,0,0,0,0,0,0,0,0,0.998,0,0,0,0.002,0,0,0,0,0,0,0,0,92.067655,0,0,0,0,0,0,0,0,0,0,0,0,92.067655,14.210591,0,0,0,0,0,0,0,0,0,0,0,0,14.210591
1971,12006000,0.146343495,0.853656505,0.9994,0,0,0,0.0006,0,0,0,0,0,0,0,0,0.998,0,0,0,0.002,0,0,0,0,0,0,0,0,96.06209,0,0,0,0,0,0,0,0,0,0,0,0,96.06209,15.181346,0,0,0,0,0,0,0,0,0,0,0,0,15.181346
1972,13189000,0.169762681,0.830237319,0.9995,0,0,0,0.0005,0,0,0,0,0,0,0,0,0.998,0,0,0,0.002,0,0,0,0,0,0,0,0,100.841939,0,0,0,0,0,0,0,0,0,0,0,0,100.841939,16.428271,0,0,0,0,0,0,0,0,0,0,0,0,16.428271
1973,14184000,0.193527919,0.806472081,0.9994,0,0,0,0.0006,0,0,0,0,0,0,0,0,0.9975,0,0,0,0.0025,0,0,0,0,0,0,0,0,106.356453,0,0,0,0,0,0,0,0,0,0,0,0,106.356453,18.083499,0,0,0,0,0,0,0,0,0,0,0,0,18.083499
1974,11191000,0.20891788,0.79108212,0.998,0,0,0,0.002,0,0,0,0,0,0,0,0,0.997,0,0,0,0.003,0,0,0,0,0,0,0,0,109.82274,0,0,0,0,0,0,0,0,0,0,0,0,109.82274,19.334681,0,0,0,0,0,0,0,0,0,0,0,0,19.334681
1975,10905000,0.209170105,0.790829895,0.9969,0,0,0,0.0031,0,0,0,0,0,0,0,0,0.996,0,0,0,0.004,0,0,0,0,0,0,0,0,111.670004,0,0,0,0,0,0,0,0,0,0,0,0,111.670004,20.41825,0,0,0,0,0,0,0,0,0,0,0,0,20.41825
1976,13066000,0.226236032,0.773763968,0.9978,0,0,0,0.0022,0,0,0,0,0,0,0,0,0.996,0,0,0,0.004,0,0,0,0,0,0,0,0,115.121972,0,0,0,0,0,0,0,0,0,0,0,0,115.121972,22.30074,0,0,0,0,0,0,0,0,0,0,0,0,22.30074
1977,14613000,0.234722507,0.765277493,0.9966,0,0,0,0.0034,0,0,0,0,0,0,0,0,0.996,0,0,0,0.004,0,0,0,0,0,0,0,0,117.220778,0,0,0,0,0,0,0,0,0,0,0,0,117.220778,23.624382,0,0,0,0,0,0,0,0,0,0,0,0,23.624382
1978,15122000,0.251818543,0.748181457,0.9898,0,0,0,0.0102,0,0,0,0,0,0,0,0,0.992,0,0,0,0.008,0,0,0,0,0,0,0,0,121.441249,0,0,0,0,0,0,0,0,0,0,0,0,121.441249,25.476057,0,0,0,0,0,0,0,0,0,0,0,0,25.476057
1979,13984000,0.236770595,0.763229405,0.9746,0,0,0,0.0254,0,0,0,0,0,0,0,0,0.982,0,0,0,0.018,0,0,0,0,0,0,0,0,123.850862,0,0,0,0,0,0,0,0,0,0,0,0,123.850862,27.022233,0,0,0,0,0,0,0,0,0,0,0,0,27.022233
1980,11419000,0.213678956,0.786321044,0.9569,0,0,0,0.0431,0,0,0,0,0,0,0,0,0.964,0,0,0,0.036,0,0,0,0,0,0,0,0,127.294783,0,0,0,0,0,0,0,0,0,0,0,0,127.294783,27.875934,0,0,0,0,0,0,0,0,0,0,0,0,27.875934
1981,10725000,0.204102564,0.795897436,0.939,0,0,0,0.061,0,0,0,0,0,0,0,0,0.969,0,0,0,0.031,0,0,0,0,0,0,0,0,128.929543,0,0,0,0,0,0,0,0,0,0,0,0,128.929543,28.927832,0,0,0,0,0,0,0,0,0,0,0,0,28.927832
1982,10452000,0.236318408,0.763681592,0.9556,0,0,0,0.0444,0,0,0,0,0,0,0,0,0.915,0,0,0,0.085,0,0,0,0,0,0,0,0,129.455523,0,0,0,0,0,0,0,0,0,0,0,0,129.455523,29.79196,0,0,0,0,0,0,0,0,0,0,0,0,29.79196
1983,12166000,0.245273714,0.754726286,0.9791,0,0,0,0.0209,0,0,0,0,0,0,0,0,0.933,0,0,0,0.067,0,0,0,0,0,0,0,0,132.028894,0,0,0,0,0,0,0,0,0,0,0,0,132.028894,31.214223,0,0,0,0,0,0,0,0,0,0,0,0,31.214223
1984,14254000,0.271011646,0.728988354,0.9855,0,0,0,0.0145,0,0,0,0,0,0,0,0,0.952,0,0,0,0.048,0,0,0,0,0,0,0,0,133.637504,0,0,0,0,0,0,0,0,0,0,0,0,133.637504,32.106388,0,0,0,0,0,0,0,0,0,0,0,0,32.106388
1985,15501000,0.287594349,0.712405651,0.9918,0,0,0,0.0082,0,0,0,0,0,0,0,0,0.962,0,0,0,0.038,0,0,0,0,0,0,0,0,133.329597,0,0,0,0,0,0,0,0,0,0,0,0,133.329597,37.21386255,0,0,0,0,0,0,0,0,0,0,0,0,37.21386255
1986,16047000,0.286293762,0.713706238,0.9963,0,0,0,0.0037,0,0,0,0,0,0,0,0,0.963,0,0,0,0.037,0,0,0,0,0,0,0,0,135.202567,0,0,0,0,0,0,0,0,0,0,0,0,135.202567,39.38203247,0,0,0,0,0,0,0,0,0,0,0,0,39.38203247
1987,14888000,0.309647501,0.690352499,0.9984,0,0,0,0.0016,0,0,0,0,0,0,0,0,0.977,0,0,0,0.023,0,0,0,0,0,0,0,0,136.367895,0,0,0,0,0,0,0,0,0,0,0,0,136.367895,41.10732966,0,0,0,0,0,0,0,0,0,0,0,0,41.10732966
1988,15426000,0.311181447,0.688818553,0.9998,0,0,0,0.0002,0,0,0,0,0,0,0,0,0.977,0,0,0,0.023,0,0,0,0,0,0,0,0,138.419816,0,0,0,0,0,0,0,0,0,0,0,0,138.419816,43.80458874,0,0,0,0,0,0,0,0,0,0,0,0,43.80458874
1989,14508000,0.317755721,0.682244279,0.9987,0,0,0,0.0013,0,0,0,0,0,0,0,0,0.971,0,0,0,0.029,0,0,0,0,0,0,0,0,138.979613,0,0,0,0,0,0,0,0,0,0,0,0,138.979613,45.9453916,0,0,0,0,0,0,0,0,0,0,0,0,45.9453916
1990,13849000,0.328392158,0.671607842,0.9992,0,0,0,0.0008,0,0,0,0,0,0,0,0,0.969,0,0,0,0.031,0,0,0,0,0,0,0,0,136.405192,0,0,0,1.554766,0,0,0,0,0,0,0,0,137.959958,47.05388601,0,0,0,1.219806,0.000863,0,0,0,0,0,0,0,48.27455501
1991,12298000,0.335219711,0.664780289,0.999,0,0,0,0.001,0,0,0,0,0,0,0,0,0.968,0,0,0,0.032,0,0,0,0,0,0,0,0,130.601676,0,0,0,1.87529,0,0,0,0,0,0,0,0,132.476966,51.766706,0,0,0,1.265945,0.000792,0,0,0,0,0,0,0,53.033443
1992,12842000,0.360427659,0.639572341,0.9994,0,0,0,0.0006,0,0,0,0,0,0,0,0,0.967,0,0,0,0.033,0,0,0,0,0,0,0,0,128.900956,0,0,0,1.74531,0,0,0,0,0,0,0,0,130.646266,55.80133083,0,0,0,1.289056,0.000756,0,0,0,0,0,0,0,57.09114283
1993,13869000,0.385833297,0.614166703,0.9997,0,0,0,0.0003,0,0,0,0,0,0,0,0,0.963,0,0,0,0.037,0,0,0,0,0,0,0,0,129.711727,0,0,0,1.593318,0,0,0,0,0,0,0,0,131.305045,58.62419254,0,0,0,1.368459,0.001054,0,0,0,0,0,0,0,59.99370554
1994,15023000,0.401570991,0.598429009,0.9996,0,0,0,0.0004,0,0,0,0,0,0,0,0,0.961,0,0,0,0.039,0,0,0,0,0,0,0,0,130.211978,0,0,0,1.428046,0,0,0,0,0,0,0,0,131.640024,61.50302578,0,0,0,1.398917,0.001646,0,0,0,0,0,0,0,62.90358878
1995,14688000,0.412118056,0.587881944,0.995413318,0,0,0.000586682,0.004,0,0,0,0,0,0,0,0,0.953524402,8.42E-06,0,0.00518718,0.041,0.00028,0,0,0,0,0,0,0,130.864292,0,0,0.005066,1.284446,0,0,0,0,0,0,0,0,132.153804,64.22108338,0,0,0.031398,1.483273,0.002568,0,0,0,0,0,0,0,65.73832238
1996,15044754,0.433296683,0.566703317,0.99842574,0,0,0.00057426,0.001,0,0,0,0,0,0,0,0,0.951931316,7.79E-06,0,0.01080089,0.037,0.00026,0,0,0,0,0,0,0,128.606909,0,0,0.009961,1.111471,0,0,0,0,0,0,0,0,129.728341,67.34636471,0,0,0.101809,1.683037,0.002702,0,0,0,0,0,0,0,69.13391271
1997,15069074,0.45104749,0.54895251,0.997193586,0,0,0.001906414,0.0009,0,0,0,0,0,0,0,0,0.936483572,0.00001,0,0.015236428,0.048,0.00027,0,0,0,0,0,0,0,128.778033,0,0,0.025732,0.944939,0,0,0,0,0,0,0,0,129.748704,68.266485,0,0,0.20537,1.749246,0.002981,0,0,0,0,0,0,0,70.224082
1998,15440721,0.477253361,0.522746639,0.992591964,0.0000996,0,0.005473536,0.0013,0.0005349,0,0,0,0,0,0,0,0.959701234,0.000045,0,0.022988766,0.017,0.000265,0,0,0,0,0,0,0,130.96608,0.000811,0,0.070296,0.80027,0.001081,0,0,0,0,0,0,0,131.838538,69.110814,0.000573,0,0.373158,1.83208,0.01358,0,0,0,0,0,0,0,71.330205
1999,16893538,0.432704624,0.567295376,0.988546943,0.0000664,0,0.008051703,0.0016,0.001733,1.95E-06,0,0,0,0,0,0,0.901056597,0.000042,0,0.039621403,0.059,0.00028,0,0,0,0,0,0,0,131.603298,0.001389,0,0.140332,0.685288,0.00172,0.000017,0,0,0,0,0,0,132.432044,72.678042,0.001306,0,0.69783,1.944548,0.03465,0,0,0,0,0,0,0,75.356376
2000,17349755,0.483380659,0.516619341,0.9838826,0.0000563,0,0.0085,0.0026,0.003916,0.0010451,0,0,0,0,0,0,0.904297961,0.00004,0,0.047392039,0.048,0.00027,0,0,0,0,0,0,0,132.644671,0.001887,0,0.215311474,0.566215,0.054071,0.009367,0,0,0,0,0,0,133.4915225,73.608832,0.002779,0,1.052482,3.022499,0.110235,0,0,0,0,0,0,0,77.796827
2001,17122369,0.502673783,0.497326217,0.980316898,0.000031,0,0.0092,0.0018,0.006293,0.002359102,0,0,0,0,0,0,0.902381378,0.000033,0,0.044315622,0.053,0.00027,0,0,0,0,0,0,0,136.212587,0.004456,0,0.292370853,0.520439,0.107075,0.029649,0,0,0,0,0,0,137.1665769,78.147466,0.006688,0,1.234256,3.347428,0.212757,0,0,0,0,0,0,0,82.948595
2002,16816368,0.513374648,0.486625352,0.976682205,0.00001,0,0.0099,0.0039,0.005139,0.004368795,0,0,0,0,0,0,0.907880676,0.000044,0,0.042835324,0.049,0.00024,0,0,0,0,0,0,0,134.42618,0.008468,0,0.371457671,0.457119,0.148715,0.065691,0,0,0,0,0,0,135.4776307,78.484908,0.015928,0,1.469232,3.499363,0.314468,0,0,0,0,0,0,0,83.783899
2003,16639053,0.537153407,0.462846593,0.976850019,0.000009,0,0.0102,0.004,0.0028,0.006140981,0,0,0,0,0,0,0.88779,0.00001,0,0.0525,0.059,0.0007,0,0,0,0,0,0,0,134.050529,0.014541,0,0.44630148,0.468187,0.161228,0.113256898,0,0,0,0,0,4.00E-06,135.2540474,79.831679,0.025168,0,1.752392,3.775328,0.416179,0,0,0,0,0,0,0,85.800746
2004,16866920,0.54630555,0.45369445,0.972795629,0.000004,0,0.0125,0.003,0.0011,0.010600371,0,0,0,0,0,0,0.879165958,0.000009,0,0.0637,0.056,0.0008,0.000325042,0,0,0,0,0,0,134.897577,0.013411,0,0.535314882,0.513463,0.154329,0.197433271,0,0,0,0,0,8.00E-06,136.3115362,82.601946,0.015472,0,3.002376,4.231057,0.529563,0.002993,0,0,0,0,0,0,90.383407
2005,16947754,0.534663472,0.465336528,0.961223089,0.000002,0,0.0151,0.004,0.0005,0.019174911,0,0,0,0,0,0,0.885761002,0.000009,0,0.0523,0.055,0.0009,0.006029998,0,0,0,0,0,0,134.909349,0.015462,0,0.643633768,0.519185,0.106319,0.402897117,0,0,0,0,0,0,136.5968459,85.597436,0.018706,0,3.399024,4.498875,0.587721,0.057616,0,0,0,0,0,0,94.159378
2006,16054400,0.531549108,0.468450892,0.951379899,0.000004,0,0.0194,0.006,0.0005,0.022716101,0,0,0,0,0,0,0.881211409,0.000012,0,0.069,0.04,0.001,0.008776591,0,0,0,0,0,0,133.357603,0.015462,0,0.783836385,0.525124,0.106319,0.653578843,0,0,0,0,0,0,135.4419232,85.268293,0.014472,0,4.10206,4.530537,0.62722,0.131811,0,0,0,0,0,0,94.674393
2007,16089222,0.516178657,0.483821343,0.914993324,0.000004,0,0.0475,0.001,0.0005,0.036002676,0,0,0,0,0,0,0.863508698,0.000012,0,0.0872,0.04,0.001,0.008279302,0,0,0,0,0,0,133.239057,0.015539,0,1.130639318,0.532808,0.107087,1.002142262,0,0,0,0,0,0,136.0272726,88.06627284,0.014502,0,4.826248,4.862734,0.6355349,0.200213,0,0,0,0,0,0,98.60550474
2008,13194741,0.509601363,0.490398637,0.895201022,1.52E-05,0,0.059789551,0.001262089,0.000608236,0.043123898,0,0,0,0,0,0,0.826961239,1.58E-05,0,0.125501213,0.036031913,0.001,0.010489799,0,0,0,0,0,0,133.84543,0.03,0,1.516505549,0.482425,0.03653,1.313413694,0,0,0,0,0,0,137.2243043,87.60735285,0.000001,0,5.925838,6.088592564,0.65,0.233016,0,0,0,0,0,0,100.5048004
2009,10187653.72,0.510468666,0.489531334,0.907673676,2.53E-05,0,0.041890318,0.0065,7.44E-05,0.043836294,0,0,0,0,0,0,0.805129664,7.48E-05,0,0.141525452,0.041416447,0.001,0.010853636,0,0,0,0,0,0,130.7728789,0.009082,0,1.719425789,0.615337,0.167493235,1.595383117,0,0,0,0,0,0,134.8796,87.91878286,0,0,6.164244,5.089820111,0.649583,0.331266029,0,0,0,0,0,0,100.153696
2010,11572817,0.499219162,0.500780838,0.876879709,0.00003,0,0.051764791,0.010180409,0.000120785,0.061023706,0,0,0,0,0,0,0.771747217,0.00008,0,0.146656548,0.073030165,0.001,0.00748607,0,0,0,0,0,0,126.7389844,0.009556,0,1.990675438,0.52,0.13697,1.496054131,0,0,0,0,0,0,130.89224,91.15119968,0,0,6.28202529,4.273551014,0.647083,0.348462018,0,0,0,0,0,0,102.702321
2011,12778885,0.468548782,0.531451218,0.88864327,0.001582188,0,0.060210317,0.011915796,0.0002,0.037328165,0,0,0,0.000120263,0,0,0.683891984,0,0,0.22821034,0.082197676,0.001,0.0047,0,0,0,0,0,0,120.733238,0.019338,0,2.320081,0.759377,0.084484,1.731752,0,0,0,0.008258,0,0,125.656528,93.56700884,0.012129,0,8.152458,3.28437916,0.175891,0.379413,0,0,0,0,0,0,105.571279
2012,14785936,0.510217006,0.489782994,0.84845524,0.001769563,0,0.071825074,0.015534873,0.000389539,0.056697828,0,0,0.002088264,0.003239619,0,0,0.686099368,0,0,0.226080841,0.084314261,0.000317847,0.003187684,0,0,0,0,0,0,118.1477353,0.022085,0.0024,2.773867549,0.513045698,0.089735,2.090403417,0,0,0.015123,0.031132,0,0,123.685527,108.7892546,0.000192,0,9.352886025,3.762603366,0.182668,0.383047444,0,0,0,0,0,0,122.4706514
2013,15883969,0.522419932,0.477580068,0.830379046,0.00378256,7.38E-05,0.079265692,0.017088225,0.000289749,0.062661262,0,0,0.003414508,0.003045136,0,0,0.709549768,0,0,0.205568695,0.082223303,0.000225148,0.002433087,0,0,0,0,0,0,114.2694813,0.049774,0.0218,3.310140761,0.626810618,0.095673,2.160427367,0,0,0.041031,0.054232,0,0,120.6293701,107.7582141,0.001197,0,10.50281495,3.490307994,0.191366,0.389985126,0,0,0,0,0,0,122.3338852
2014,15770224.18,0.451113789,0.548886211,0.862632694,0.00819893,0.002543834,0.035889314,0.024430134,0.003940707,0.054441087,0,0,0.004842913,0.003080363,0,2.38E-08,0.737392477,0.00018268,0,0.206195672,0.044907344,0.007716811,0.003605016,0,0,0,0,0,0,112.97673,0.106784,0.045578,3.323921,0.799793,0.109032,2.86511,0,0,0.077828,0.068106,0,0.000123,120.373005,111.9420134,0.004165,0,13.607767,4.593278957,0.151269,0.420261,0,0,0,0,0,0,130.7187543
2015,16940007.08,0.506503974,0.493496026,0.867529584,0.009721722,0.005592738,0.034945975,0.01988957,0.00511198,0.048022007,0,0,0.005096672,0.003896775,0,0.000192978,0.759421001,0.00082698,0.000563965,0.177805281,0.045302577,0.008494457,0.005113642,0,0,0.001272766,0.001011333,0,0.000187997,113.223892,0.187775,0.092305,3.541503,0.926577,0.123743,3.208919,0,0,0.120435,0.100682,0,0.001734,121.527565,111.5439204,0.010582,0.004839,14.69167,4.863446777,0.18776,0.448083,0,0,0.010921,0.008677,0,0.001613,131.7715121
2016,17664006.41,0.552968561,0.447031439,0.885981539,0.003380662,0.004336696,0.034107918,0.007806432,0.00564563,0.047600317,0,0,0.005485292,0.005383509,0,0.000272005,0.759712035,0.000915878,0.000659556,0.175490769,0.046441585,0.008775988,0.005302394,0,0,0.001398359,0.001083565,0,0.000219869,113.313629,0.214011,0.12647,3.720466,0.950039,0.137269,3.512808,0,0,0.16368,0.143089,0,0.003868,122.285329,112.0590693,0.018652,0.011248,15.891131,5.191363008,0.234232,0.48175,0,0,0.024511,0.019207,0,0.003749,133.9349123
2017,18054488.34,0.55798052,0.44201948,0.885005956,0.003409141,0.00394758,0.032515412,0.010313778,0.005929282,0.047463892,0,0,0.005122268,0.005987657,0,0.000305033,0.756061781,0.000993699,0.000724731,0.175361506,0.049138211,0.009009889,0.005745118,0,0,0.001532807,0.001190647,0,0.00024161,113.541069,0.24031,0.157818,3.870205,0.994461,0.152424,3.805819,0,0,0.204249,0.190409,0,0.006276,123.16304,112.8008581,0.027733,0.018459,17.066177,5.553679023,0.273888,0.519463,0,0,0.039771,0.031058,0,0.006154,136.3372401
2018,17855532.72,0.55073501,0.44926499,0.876416624,0.002843988,0.005267484,0.02862274,0.013679298,0.006759874,0.051552855,0,7.25E-06,0.006566579,0.00761971,0,0.000663596,0.752760647,0.000795704,0.000541233,0.175268558,0.049850879,0.009883804,0.00777989,0,1.07E-06,0.00146052,0.001116417,0,0.00054128,113.74025,0.261386,0.199584,3.969536,1.065204,0.170939,4.115268,0,0.000058,0.255852,0.250224,0,0.011557,124.039858,113.3846404,0.030758,0.023612,18.125,5.903520223,0.310747,0.573818,0,0.000011,0.053789,0.041763,0,0.01142,138.4590787
2019,17591148.13,0.53361864,0.46638136,0.864311674,0.003660544,0.008099406,0.028515807,0.018565071,0.006900273,0.052762614,0,2.13E-05,0.00653044,0.009258193,0,0.001374709,0.748273678,0.001597616,0.001201177,0.17501629,0.050742798,0.010203377,0.008348636,0,1.53E-06,0.001927315,0.001486245,0,0.001201339,113.985161,0.288242,0.264807,4.052653,1.176344,0.190769,4.423355,0,0.000233,0.307183,0.323865,0,0.022769,125.035381,113.655454,0.039894,0.034614,19.030907,6.231777297,0.335452,0.627838,0,0.000025,0.071299,0.055254,0,0.022582,140.1050963
2020,16909705.87,0.521076815,0.478923185,0.846168707,0.005311575,0.011481275,0.028322049,0.025566805,0.007087592,0.055233667,0,4.14E-05,0.007591585,0.010984249,0,0.00221114,0.741685789,0.00261103,0.002031414,0.174189461,0.053595798,0.010465833,0.00897806,0,4.66E-06,0.002484489,0.001921573,0,0.002031888,113.993431,0.325711,0.35529,4.11355,1.338722,0.205339,4.725718,0,0.000568,0.364809,0.409426,0,0.040538,125.873102,113.4800269,0.055206,0.052048,19.752918,6.546376406,0.346305,0.68034,0,0.000066,0.092218,0.071423,0,0.040246,141.1171734
2021,16753504.15,0.514311029,0.485688971,0.825171996,0.007557674,0.015118582,0.028053507,0.03451493,0.007351431,0.057467059,0,0.000147509,0.009086429,0.012395348,0,0.003135535,0.735621435,0.003779072,0.002959215,0.17426529,0.054487995,0.010834736,0.009586808,0,7.09E-06,0.003098617,0.00239929,0,0.002960448,113.871086,0.378918,0.474027,4.158542,1.570868,0.2134,5.028914,0,0.001768,0.433011,0.505333,0,0.065764,126.701631,113.1656152,0.079901,0.07678,20.367189,6.847826062,0.347489,0.733778,0,0.000127,0.117406,0.090915,0,0.065308,141.8923343
2022,16710821.96,0.507946575,0.492053425,0.798375114,0.010416208,0.018208007,0.027596616,0.047261518,0.007444839,0.059581355,0,0.000508761,0.011304979,0.015305479,0,0.003997124,0.730357283,0.004935526,0.003868457,0.174532861,0.054219948,0.011032851,0.009990228,0,8.58E-06,0.00404678,0.003136436,0,0.003871048,113.600945,0.454522,0.617788,4.188329,1.908444,0.22023,5.335893,0,0.005951,0.518201,0.624236,0,0.098145,127.572684,112.766768,0.108702,0.108438,20.890276,7.129353203,0.347595,0.786667,0,0.000199,0.149575,0.115839,0,0.0974,142.5008122
2023,16937785.95,0.503182223,0.496817777,0.781836036,0.013066031,0.020738664,0.027264836,0.056396236,0.007416937,0.060805165,0,0.000883697,0.011713817,0.015119295,0,0.004759286,0.726586915,0.005992863,0.00469297,0.174711915,0.05477096,0.011094489,0.010173963,0,9.59E-06,0.004097801,0.003170697,0,0.004697835,113.346016,0.552747,0.78453,4.208609,2.328875,0.227759,5.646004,0,0.013387,0.606774,0.742096,0,0.137464,128.594261,112.4140848,0.142503,0.146717,21.358046,7.406607758,0.35128,0.838652,0,0.00028,0.18151,0.140537,0,0.136202,143.1164195
2024,16970346.13,0.501019887,0.498980113,0.76656447,0.015400915,0.023255282,0.026975761,0.061872181,0.007342732,0.063013718,0,0.001191491,0.012927315,0.016007937,0,0.005448197,0.722884331,0.006931978,0.005416995,0.174979379,0.054998961,0.011060147,0.010378052,0,1.06E-05,0.004463691,0.003450602,0,0.005425224,113.000954,0.669812,0.971276,4.217448,2.794334,0.233518,5.95877,0,0.023472,0.703675,0.865276,0,0.182481,129.621016,112.0746795,0.177526,0.190338,21.768009,7.673565156,0.354345,0.889269,0,0.000368,0.215539,0.166827,0,0.180423,143.6908886
2025,17092752.81,0.49704967,0.50295033,0.751718041,0.017215193,0.025492177,0.026641165,0.066187971,0.007216093,0.065892025,0,0.001530792,0.015501821,0.016565277,0,0.006039445,0.720902342,0.007859454,0.006097596,0.175421332,0.053538413,0.010995094,0.010565109,0,1.15E-05,0.004789771,0.003707327,0,0.006112049,112.625816,0.802559,1.176862,4.217384,3.298639,0.237614,6.28525,0,0.036619,0.821602,0.991645,0,0.232667,130.726657,111.7760691,0.212433,0.238747,22.123219,7.916422074,0.356882,0.938494,0,0.000461,0.2512,0.194418,0,0.229521,144.2378662
2026,17132450.68,0.494482826,0.505517174,0.750863674,0.017812983,0.023690968,0.026463456,0.06723403,0.007047089,0.067827571,0,0.001823708,0.014625585,0.016837511,0,0.005773425,0.722154509,0.007613936,0.005886119,0.175362098,0.053336269,0.010877461,0.010644224,0,1.23E-05,0.004631105,0.00357855,0,0.005903441,112.299751,0.939194,1.363929,4.20977,3.807625,0.238752,6.613291,0,0.052377,0.929775,1.11717,0,0.280033,131.851667,111.5290049,0.236277,0.283974,22.427294,8.14493907,0.357103,0.985121,0,0.000558,0.284092,0.219817,0,0.275491,144.743671
2027,17267290.1,0.48796256,0.51203744,0.74930637,0.018721938,0.022202247,0.02631753,0.067140612,0.006935794,0.070256232,0,0.002091553,0.013838698,0.017589899,0,0.005599126,0.721885866,0.007593344,0.005855413,0.175100895,0.053765691,0.01085847,0.01087996,0,1.30E-05,0.004611074,0.003559654,0,0.005876596,112.108871,1.083967,1.536324,4.19934,4.315839,0.239173,6.955686,0,0.070751,1.029908,1.247389,0,0.325719,133.112967,111.2916961,0.251174,0.32717,22.680117,8.362819348,0.356126,1.030287,0,0.000658,0.315114,0.243741,0,0.319482,145.1783845
2028,17408395.69,0.484012383,0.515987617,0.747710582,0.01918203,0.021594457,0.026193191,0.066689025,0.006865842,0.072437708,0,0.002298184,0.01325643,0.018279591,0,0.005492959,0.721652314,0.007569826,0.005831837,0.174812768,0.054190966,0.01083978,0.011088781,0,1.37E-05,0.004597391,0.003545111,0,0.005857552,112.027168,1.23154,1.699392,4.186429,4.813175,0.239277,7.308354,0,0.091075,1.12241,1.380493,0,0.36974,134.469053,111.0992521,0.257833,0.368401,22.888403,8.57233266,0.354854,1.074118,0,0.000759,0.344373,0.266268,0,0.36156,145.5881538
2029,17402941.83,0.480489852,0.519510148,0.745133031,0.020257015,0.021259627,0.02610493,0.065965574,0.006893789,0.074392533,0,0.00244172,0.013025001,0.018988374,0,0.005538407,0.720517703,0.007740579,0.005958494,0.174485144,0.054669301,0.010915707,0.011383729,0,1.42E-05,0.004701657,0.003621767,0,0.005991748,111.983086,1.385037,1.852526,4.170731,5.288041,0.240476,7.663371,0,0.112502,1.208889,1.514952,0,0.412688,135.832299,110.8838033,0.263587,0.408315,23.040785,8.770314375,0.354247,1.116852,0,0.000859,0.372448,0.287848,0,0.402385,145.9014437
2030,17474203.98,0.477735174,0.522264826,0.744219744,0.020337881,0.021336444,0.026036613,0.065543357,0.006865658,0.07578844,0,0.002557785,0.012684843,0.019130642,0,0.005498593,0.720314995,0.007756164,0.005974637,0.17438906,0.054704827,0.010929321,0.011548235,0,1.46E-05,0.004720768,0.00363124,0,0.006016184,112.013199,1.53523,1.998867,4.15377,5.74214,0.241982,8.017685,0,0.134737,1.288026,1.645794,0,0.453604,137.225034,110.669948,0.267064,0.446085,23.151413,8.955570848,0.354316,1.1591,0,0.000958,0.39877,0.308028,0,0.441127,146.1523798
2031,17545979.07,0.474262671,0.525737329,0.742991375,0.020609932,0.021251213,0.025955776,0.064917454,0.006854385,0.077052714,0,0.002645026,0.012748006,0.019489872,0,0.005484248,0.719790319,0.007828666,0.006033802,0.174269386,0.054843449,0.010972932,0.011725917,0,1.49E-05,0.004767631,0.003666874,0,0.006086145,112.123451,1.683381,2.136484,4.136563,6.172107,0.244158,8.371654,0,0.157428,1.363066,1.774981,0,0.492549,138.655822,110.4337555,0.270814,0.481869,23.229967,9.128452199,0.354991,1.20025,0,0.001054,0.423466,0.326949,0,0.477949,146.3295167
2032,17571998.66,0.470514185,0.529485815,0.742250461,0.02094799,0.020965284,0.025892093,0.064298243,0.006830964,0.078086507,0,0.002717509,0.012816862,0.019741794,0,0.005452293,0.719404061,0.007884994,0.006077616,0.174170505,0.054936023,0.011006196,0.011866133,0,1.51E-05,0.004802234,0.003693201,0,0.006143937,112.298363,1.829334,2.263251,4.119932,6.575681,0.246387,8.720913,0,0.180267,1.433908,1.900941,0,0.529203,140.09818,110.1483589,0.27441,0.515287,23.272888,9.287393699,0.355709,1.239812,0,0.001146,0.446281,0.344415,0,0.512491,146.3981916
2033,17626684.51,0.466762068,0.533237932,0.741087866,0.02143538,0.020576573,0.025830464,0.064285882,0.006824084,0.078892902,0,0.002795119,0.012968425,0.019854387,0,0.005448918,0.718671388,0.00797966,0.006150552,0.174012948,0.055273222,0.011057315,0.01200757,0,1.54E-05,0.004859609,0.003737267,0,0.006235112,112.546814,1.974325,2.378616,4.10476,6.958369,0.248914,9.065194,0,0.203223,1.5017,2.022404,0,0.563878,141.568197,109.7857875,0.278431,0.546603,23.286461,9.435377871,0.356545,1.277201,0,0.001233,0.467462,0.360621,0,0.545044,146.3407664
2034,17824374.82,0.463033794,0.536966206,0.741294313,0.021590158,0.02025334,0.025796835,0.063702505,0.006788829,0.079524541,0,0.00285017,0.013077564,0.019718715,0,0.00540303,0.718432187,0.008005953,0.006172109,0.173903187,0.0553955,0.011076537,0.012093605,0,1.55E-05,0.004877411,0.003750182,0,0.006277855,112.934494,2.116528,2.484798,4.094482,7.319006,0.251671,9.408807,0,0.226202,1.567212,2.138276,0,0.596552,143.138028,109.4173178,0.282262,0.575773,23.292076,9.574666324,0.357704,1.31265,0,0.001316,0.487026,0.375576,0,0.575584,146.2519511
2035,17946514.53,0.461252129,0.538747871,0.742176975,0.021719892,0.019804024,0.0257896,0.063024199,0.006750354,0.079883914,0,0.00288195,0.01317722,0.019434258,0,0.005357614,0.718735729,0.007967908,0.006140725,0.173861834,0.055256707,0.011058891,0.012105595,0,1.54E-05,0.004854297,0.003730945,0,0.006271943,113.405609,2.253741,2.579114,4.087377,7.65173,0.254336,9.742714,0,0.248688,1.629602,2.245458,0,0.626796,144.725165,109.0651286,0.285617,0.60235,23.29846,9.703976105,0.359195,1.345293,0,0.001393,0.504661,0.389033,0,0.603693,146.1587997
2036,18082199.16,0.458062658,0.541937342,0.742397951,0.022084299,0.01921135,0.025759145,0.062675673,0.006717739,0.080337654,0,0.002900655,0.013225303,0.019366538,0,0.005323691,0.718458811,0.007988783,0.006153289,0.17373958,0.055480031,0.011074462,0.012169852,0,1.55E-05,0.00486483,0.003738444,0,0.006316421,113.973053,2.3889,2.660916,4.08418,7.962071,0.256977,10.07114,0,0.27058,1.68902,2.346634,0,0.654911,146.358382,108.7127448,0.288548,0.626613,23.311464,9.826168938,0.360804,1.375386,0,0.001465,0.520623,0.401199,0,0.629688,146.0547037
2037,18197864.56,0.455807275,0.544192725,0.74247401,0.022258038,0.018854452,0.025735154,0.062555703,0.006696277,0.080651113,0,0.002939726,0.01330413,0.019220931,0,0.005310466,0.718275519,0.007999512,0.006161272,0.173639924,0.055636497,0.011085596,0.012209622,0,1.55E-05,0.004871811,0.003743197,0,0.006361513,114.601631,2.519389,2.73212,4.084798,8.250828,0.259386,10.38999,0,0.291942,1.74553,2.440464,0,0.680989,147.997067,108.3827575,0.291123,0.648622,23.336176,9.941881695,0.362321,1.403016,0,0.001531,0.534986,0.412131,0,0.653668,145.9682132
2038,18470393.49,0.452335749,0.547664251,0.74320055,0.022493109,0.018034267,0.02570262,0.062428838,0.006631754,0.081023936,0,0.002977462,0.013267116,0.019007711,0,0.005232636,0.718206858,0.007950386,0.00611804,0.173481523,0.05601708,0.011065216,0.012227755,0,1.57E-05,0.004838955,0.003716822,0,0.006361713,115.380417,2.648257,2.790394,4.092208,8.525574,0.262208,10.708822,0,0.313042,1.799595,2.528399,0,0.705018,149.753934,108.1276794,0.293561,0.668326,23.373436,10.05697923,0.364213,1.428753,0,0.001592,0.54774,0.421819,0,0.675639,145.9597376
2039,18528960.63,0.448967022,0.551032978,0.742968893,0.022673827,0.017786035,0.025669927,0.062366034,0.006614191,0.081403466,0,0.003025009,0.013371805,0.018890473,0,0.00523034,0.717763807,0.007997811,0.006156291,0.173340293,0.056264412,0.011098156,0.012303809,0,1.58E-05,0.004869608,0.003740005,0,0.006450048,116.215103,2.772232,2.839683,4.103845,8.780289,0.26489,11.018779,0,0.333598,1.851278,2.609346,0,0.727201,151.516244,107.8762166,0.295695,0.685986,23.403143,10.16635645,0.365821,1.452291,0,0.001649,0.55919,0.430508,0,0.695844,145.9327
2040,18716470.4,0.445432099,0.554567901,0.742440892,0.023009545,0.017408457,0.025628482,0.062438739,0.006600848,0.081822515,0,0.003081344,0.013465052,0.018866258,0,0.005237868,0.717126947,0.008060471,0.00620466,0.17316809,0.056657512,0.011139584,0.012392164,0,1.59E-05,0.004907919,0.003769321,0,0.006557415,117.154701,2.894753,2.88045,4.121497,9.022128,0.268079,11.32676,0,0.353915,1.90171,2.685879,0,0.748131,153.358003,107.6765048,0.298191,0.702157,23.436857,10.27533622,0.367767,1.474648,0,0.001701,0.569798,0.438552,0,0.714907,145.956419
2041,18691935,0.443345679,0.556654321,0.742104095,0.023267476,0.017408457,0.025628482,0.062362629,0.006570946,0.082016375,0,0.003081344,0.013522618,0.018823658,0,0.005213919,0.716805191,0.008078984,0.006217447,0.173029341,0.056937673,0.011155722,0.012449478,0,1.60E-05,0.004918643,0.003776996,0,0.006614509,116.674259,3.106818,2.995135,4.154211,9.320069,0.279838,11.747262,0,0.385802,1.988835,2.805782,0,0.791103,154.249114,108.344715,0.350145,0.742406,23.227877,10.270857,0.364436,1.499448,0,0.001834,0.592467,0.455901,0,0.758444,146.60853
2042,18706381,0.441259259,0.558740741,0.741767298,0.023525407,0.017408457,0.025628482,0.062286519,0.006541045,0.082210235,0,0.003081344,0.013580185,0.018781058,0,0.00518997,0.716483434,0.008097497,0.006230234,0.172890593,0.057217834,0.011171861,0.012506792,0,1.61E-05,0.004929368,0.003784671,0,0.006671603,116.294878,3.30969,3.084108,4.192716,9.58645,0.290807,12.159218,0,0.417673,2.069295,2.913127,0,0.827442,155.145404,108.9354,0.393978,0.775933,23.120151,10.270908,0.364435,1.523576,0,0.001956,0.611264,0.47021,0,0.79561,147.263421
2043,18720116,0.439172839,0.560827161,0.741430501,0.023783338,0.017408457,0.025628482,0.062210409,0.006511144,0.082404095,0,0.003081344,0.013637751,0.018738458,0,0.005166021,0.716161678,0.008116009,0.006243021,0.172751844,0.057497995,0.011187999,0.012564106,0,1.62E-05,0.004940092,0.003792347,0,0.006728697,116.053207,3.497889,3.143855,4.233512,9.80982,0.299347,12.556749,0,0.448823,2.138538,3.008997,0,0.856165,156.046902,109.537517,0.42814,0.801761,23.038848,10.274124,0.363058,1.544265,0,0.002075,0.625179,0.480715,0,0.82542,147.921102
2044,18733741,0.43708642,0.56291358,0.741093704,0.024041268,0.017408457,0.025628482,0.062134299,0.006481243,0.082597955,0,0.003081344,0.013695317,0.018695858,0,0.005142072,0.715839921,0.008134522,0.006255808,0.172613095,0.057778156,0.011204138,0.01262142,0,1.63E-05,0.004950816,0.003800022,0,0.006785791,115.994186,3.665767,3.177718,4.27686,9.969793,0.306479,12.937869,0,0.477134,2.190005,3.080303,0,0.877524,156.953638,110.116329,0.452854,0.820149,22.970779,10.286997,0.361151,1.562813,0,0.002167,0.631368,0.485208,0,0.848126,148.537941
2045,18743509,0.435,0.565,0.740756907,0.024299199,0.017408457,0.025628482,0.062058189,0.006451341,0.082791815,0,0.003081344,0.013752884,0.018653257,0,0.005118123,0.715518165,0.008153035,0.006268595,0.172474346,0.058058317,0.011220276,0.012678734,0,1.64E-05,0.004961541,0.003807697,0,0.006842886,116.069686,3.813147,3.187559,4.318834,10.079369,0.312386,13.302966,0,0.502329,2.237077,3.150614,0,0.891676,157.865643,110.746255,0.468253,0.831262,22.888002,10.29357,0.358079,1.579478,0,0.00224,0.636897,0.489231,0,0.86388,149.157147
2046,18754829,0.434,0.566,0.74046566,0.024531337,0.017408457,0.025628482,0.06198208,0.00642443,0.08296629,0,0.003081344,0.013804693,0.018610657,0,0.005096569,0.715173085,0.008169696,0.006280103,0.172404972,0.058310462,0.011234801,0.012730316,0,1.65E-05,0.004971193,0.003814604,0,0.00689427,116.170316,3.94314,3.175431,4.362459,10.159786,0.318406,13.650081,0,0.524949,2.27415,3.212617,0,0.899643,158.690978,111.497583,0.475812,0.836322,22.80355,10.300566,0.355487,1.594858,0,0.002301,0.639408,0.490942,0,0.873869,149.870698
2047,18774694,0.433,0.567,0.740174414,0.024763475,0.017408457,0.025628482,0.06190597,0.006397519,0.083140764,0,0.003081344,0.013856503,0.018568057,0,0.005075015,0.714828004,0.008186358,0.006291611,0.172335597,0.058562607,0.011249326,0.012781899,0,1.66E-05,0.004980845,0.003821512,0,0.006945655,116.404487,4.058758,3.141597,4.406252,10.213786,0.324474,13.968674,0,0.544591,2.28839,3.26787,0,0.901748,159.520627,112.267427,0.475589,0.835664,22.714172,10.321788,0.353524,1.609007,0,0.002354,0.639206,0.490512,0,0.878406,150.587649
2048,18794765,0.432,0.568,0.739883168,0.024995612,0.017408457,0.025628482,0.06182986,0.006370608,0.083315238,0,0.003081344,0.013908313,0.018525457,0,0.005053461,0.714482924,0.008203019,0.00630312,0.172266223,0.058814752,0.01126385,0.012833481,0,1.67E-05,0.004990497,0.00382842,0,0.00699704,116.650427,4.171323,3.122258,4.450654,10.260444,0.33145,14.270662,0,0.561691,2.310199,3.319812,0,0.905694,160.354614,112.978875,0.477689,0.836976,22.627244,10.347476,0.352828,1.623032,0,0.002399,0.640492,0.49128,0,0.885205,151.263496
2049,18815078,0.431,0.569,0.739591921,0.02522775,0.017408457,0.025628482,0.06175375,0.006343697,0.083489712,0,0.003081344,0.013960123,0.018482857,0,0.005031907,0.714137844,0.00821968,0.006314628,0.172196848,0.059066897,0.011278375,0.012885063,0,1.68E-05,0.005000148,0.003835327,0,0.007048425,116.94441,4.275876,3.112328,4.49234,10.300943,0.338041,14.543314,0,0.576187,2.337298,3.362164,0,0.91006,161.192961,113.682889,0.480365,0.838847,22.548276,10.373449,0.352797,1.635849,0,0.002437,0.642188,0.492389,0,0.892848,151.942334
2050,18838239,0.43,0.57,0.739300675,0.025459888,0.017408457,0.025628482,0.06167764,0.006316786,0.083664186,0,0.003081344,0.014011932,0.018440257,0,0.005010352,0.713792764,0.008236342,0.006326136,0.172127474,0.059319042,0.0112929,0.012936646,0,1.69E-05,0.0050098,0.003842235,0,0.00709981,117.266647,4.376956,3.105284,4.532253,10.35154,0.344197,14.79101,0,0.58863,2.368679,3.395975,0,0.91452,162.035691,114.391636,0.483301,0.840953,22.469634,10.397353,0.35294,1.647209,0,0.002469,0.644033,0.493642,0,0.901005,152.624175
2051,18869793,0.4292,0.5708,0.739049125,0.025666232,0.017408457,0.025628482,0.061607385,0.006292865,0.083819274,0,0.003081344,0.014057985,0.018397657,0,0.004991193,0.713424359,0.008251152,0.006336366,0.172127474,0.059543171,0.011305811,0.012982497,0,1.69E-05,0.00501838,0.003848375,0,0.007145485,117.526456,4.47026,3.10058,4.572279,10.405276,0.34965,15.021234,0,0.599743,2.402337,3.42246,0,0.918207,162.788482,115.09657,0.4854,0.842446,22.404646,10.422447,0.353228,1.657163,0,0.002496,0.645361,0.494525,0,0.908773,153.313055
2052,18909566,0.4284,0.5716,0.738797575,0.025872577,0.017408457,0.025628482,0.061537129,0.006268944,0.083974362,0,0.003081344,0.014104038,0.018355057,0,0.004972034,0.713055955,0.008265962,0.006346595,0.172127474,0.059767299,0.011318722,0.013028348,0,1.70E-05,0.005026959,0.003854515,0,0.00719116,117.807172,4.564302,3.094023,4.611675,10.458858,0.354752,15.237231,0,0.609706,2.43902,3.446265,0,0.921767,163.544771,115.798879,0.487613,0.843982,22.343219,10.449935,0.353681,1.666299,0,0.002519,0.646675,0.495436,0,0.916804,154.005042
2053,18949145,0.4276,0.5724,0.738546024,0.026078921,0.017408457,0.025628482,0.061466874,0.006245023,0.08412945,0,0.003081344,0.014150091,0.018312457,0,0.004952875,0.712687551,0.008280772,0.006356825,0.172127474,0.059991428,0.011331632,0.013074199,0,1.71E-05,0.005035539,0.003860655,0,0.007236836,118.115484,4.657049,3.08681,4.650223,10.513149,0.35926,15.438962,0,0.618729,2.474904,3.465105,0,0.924898,164.304573,116.497728,0.489564,0.845279,22.287743,10.47965,0.354187,1.674659,0,0.002539,0.647803,0.496204,0,0.924796,154.700152
2054,18985341,0.4268,0.5732,0.738294474,0.026285266,0.017408457,0.025628482,0.061396619,0.006221102,0.084284538,0,0.003081344,0.014196145,0.018269857,0,0.004933716,0.712319147,0.008295582,0.006367054,0.172127474,0.060215557,0.011344543,0.01312005,0,1.72E-05,0.005044118,0.003866796,0,0.007282511,118.442948,4.748193,3.081192,4.688219,10.569072,0.363404,15.629653,0,0.626977,2.510142,3.480245,0,0.92786,165.067905,117.184842,0.49159,0.846622,22.242462,10.513369,0.355113,1.682862,0,0.002556,0.648971,0.497002,0,0.933008,155.398397
2055,19015233,0.426,0.574,0.738028724,0.026491611,0.017408457,0.025628482,0.061326364,0.006197181,0.084439626,0,0.003081344,0.014242198,0.018241457,0,0.004914556,0.711950743,0.008310392,0.006377284,0.172127474,0.060439686,0.011357454,0.013165901,0,1.72E-05,0.005052698,0.003872936,0,0.007328187,118.797074,4.835866,3.077797,4.725161,10.621172,0.366904,15.809758,0,0.634337,2.543699,3.49273,0,0.930286,165.834784,117.867517,0.493256,0.847678,22.205093,10.548201,0.35614,1.69072,0,0.002572,0.649918,0.497626,0,0.941071,156.099792
2056,19046481,0.4252,0.5748,0.737796815,0.026672162,0.017408457,0.025628482,0.061267818,0.00617625,0.084575328,0,0.003081344,0.014282494,0.018213057,0,0.004897792,0.711628389,0.008323351,0.006386235,0.172127474,0.060635799,0.011368751,0.013206021,0,1.73E-05,0.005060205,0.003878308,0,0.007368152,119.136984,4.921229,3.074537,4.758836,10.670014,0.369545,15.974545,0,0.640792,2.574896,3.503396,0,0.932194,166.556968,118.331719,0.494588,0.848457,22.163805,10.582069,0.356793,1.697858,0,0.002587,0.650644,0.498083,0,0.94893,156.575533
2057,19091916,0.4244,0.5756,0.737564906,0.026852714,0.017408457,0.025628482,0.061209272,0.006155319,0.08471103,0,0.003081344,0.014322791,0.018184657,0,0.004881028,0.711306035,0.00833631,0.006395186,0.172127474,0.060831911,0.011380048,0.013246141,0,1.74E-05,0.005067712,0.003883681,0,0.007408118,119.48379,5.00632,3.074366,4.791125,10.720645,0.371921,16.133091,0,0.646789,2.604888,3.51533,0,0.934032,167.282297,118.797864,0.496177,0.849443,22.119281,10.617558,0.357457,1.704978,0,0.002602,0.651522,0.498667,0,0.957037,157.052586
2058,19140433,0.4236,0.5764,0.737332998,0.027033265,0.017408457,0.025628482,0.061150725,0.006134388,0.084846733,0,0.003081344,0.014363087,0.018156257,0,0.004864263,0.710983682,0.008349269,0.006404136,0.172127474,0.061028024,0.011391345,0.01328626,0,1.75E-05,0.005075219,0.003889054,0,0.007448084,119.850836,5.088152,3.078166,4.821448,10.769015,0.373769,16.281904,0,0.652359,2.633749,3.525859,0,0.935528,168.010785,119.264864,0.497703,0.850401,22.075824,10.652837,0.358089,1.711901,0,0.002616,0.652377,0.499234,0,0.965108,157.530954
2059,19190348,0.4228,0.5772,0.737095409,0.027213817,0.017408457,0.025628482,0.061092179,0.006113457,0.084982435,0,0.003081344,0.014403383,0.018133537,0,0.004847499,0.710661328,0.008362228,0.006413087,0.172127474,0.061224137,0.011402642,0.01332638,0,1.75E-05,0.005082726,0.003894426,0,0.00748805,120.232145,5.169166,3.084275,4.850467,10.814775,0.375172,16.424527,0,0.657377,2.661538,3.536371,0,0.936632,168.742445,119.733774,0.499198,0.851329,22.032117,10.688101,0.358654,1.718752,0,0.00263,0.653206,0.499783,0,0.973097,158.010641
2060,19235147,0.422,0.578,0.73685782,0.027394368,0.017408457,0.025628482,0.061033633,0.006092526,0.085118137,0,0.003081344,0.01444368,0.018110817,0,0.004830735,0.710338974,0.008375187,0.006422038,0.172127474,0.061420249,0.011413939,0.0133665,0,1.76E-05,0.005090233,0.003899799,0,0.007528016,120.639071,5.246204,3.095394,4.875406,10.861838,0.375824,16.55126,0,0.661516,2.687917,3.545452,0,0.937409,169.477291,120.217865,0.500757,0.852343,21.979909,10.718651,0.358856,1.72509,0,0.002644,0.654096,0.500385,0,0.981053,158.491649
2061,19303403,0.4216,0.5784,0.736607236,0.027549127,0.017408457,0.025628482,0.061033633,0.006074586,0.085234453,0,0.003081344,0.01447822,0.018088097,0,0.004816365,0.710062671,0.008386294,0.00642971,0.172127474,0.061588346,0.011423622,0.013400888,0,1.76E-05,0.005096668,0.003904404,0,0.007562273,121.011317,5.322291,3.108164,4.899459,10.906522,0.376116,16.671775,0,0.665034,2.713041,3.554534,0,0.937782,170.166035,120.643751,0.502474,0.853456,21.938737,10.751819,0.359501,1.731797,0,0.002659,0.655065,0.501048,0,0.98894,158.929247
2062,19375433,0.4212,0.5788,0.736356652,0.027703885,0.017408457,0.025628482,0.061033633,0.006056645,0.085350769,0,0.003081344,0.014512759,0.018065377,0,0.004801996,0.709786368,0.008397402,0.006437383,0.172127474,0.061756443,0.011433305,0.013435276,0,1.77E-05,0.005103102,0.003909009,0,0.007596529,121.419582,5.394147,3.122699,4.920857,10.942897,0.375524,16.77966,0,0.667607,2.736033,3.561305,0,0.937267,170.857578,121.072291,0.503805,0.854263,21.89977,10.78346,0.359938,1.738129,0,0.002673,0.655794,0.501525,0,0.996266,159.367914
2063,19447476,0.4208,0.5792,0.736106068,0.027858644,0.017408457,0.025628482,0.061033633,0.006038704,0.085467085,0,0.003081344,0.014547299,0.018042657,0,0.004787626,0.709510065,0.00840851,0.006445055,0.172127474,0.061924539,0.011442988,0.013469665,0,1.78E-05,0.005109537,0.003913614,0,0.007630786,121.824834,5.465849,3.137653,4.942873,10.981499,0.375173,16.888983,0,0.670254,2.759191,3.568678,0,0.936944,171.551931,121.481638,0.505666,0.855482,21.874483,10.818377,0.361134,1.745189,0,0.002687,0.656847,0.502252,0,1.003898,159.807653
2064,19518619,0.4204,0.5796,0.735855484,0.028013402,0.017408457,0.025628482,0.061033633,0.006020763,0.085583401,0,0.003081344,0.014581839,0.018019937,0,0.004773257,0.709233762,0.008419617,0.006452727,0.172127474,0.062092636,0.011452671,0.013504053,0,1.78E-05,0.005115972,0.003918219,0,0.007665042,122.232798,5.536876,3.152641,4.964938,11.020952,0.374919,16.997925,0,0.672907,2.782215,3.576237,0,0.936698,172.249106,121.876778,0.507915,0.857004,21.859795,10.855589,0.362894,1.752763,0,0.002701,0.658138,0.503163,0,1.011725,160.248465
2065,19589777,0.42,0.58,0.735604899,0.028168161,0.017408457,0.025628482,0.061033633,0.006002823,0.085699717,0,0.003081344,0.014616379,0.017997217,0,0.004758887,0.708957459,0.008430725,0.006460399,0.172127474,0.062260732,0.011462355,0.013538441,0,1.79E-05,0.005122406,0.003922824,0,0.007699299,122.643387,5.607229,3.16767,4.987064,11.061289,0.374765,17.106511,0,0.675567,2.805108,3.583992,0,0.936532,172.949114,122.257592,0.510556,0.858832,21.855753,10.89514,0.365222,1.760859,0,0.002715,0.659669,0.504261,0,1.019753,160.690352
2066,19660948,0.4198,0.5802,0.735393459,0.028322919,0.017408457,0.025628482,0.061033633,0.005987872,0.085777261,0,0.003081344,0.014645162,0.017974497,0,0.004746913,0.708727206,0.008439981,0.006466793,0.172127474,0.062400813,0.011470424,0.013567098,0,1.79E-05,0.005127768,0.003926662,0,0.007727846,122.957505,5.67679,3.182673,5.009151,11.102281,0.374723,17.213962,0,0.678223,2.827746,3.591875,0,0.936456,173.551385,122.628211,0.513609,0.860983,21.863034,10.937073,0.368153,1.76949,0,0.00273,0.661453,0.505555,0,1.027972,161.138263
2067,19734878,0.4196,0.5804,0.735182018,0.028477678,0.017408457,0.025628482,0.061033633,0.005972921,0.085854805,0,0.003081344,0.014673945,0.017951777,0,0.004734938,0.708496953,0.008449237,0.006473186,0.172127474,0.062540893,0.011478493,0.013595755,0,1.80E-05,0.005133131,0.003930499,0,0.007756393,123.274023,5.745646,3.197715,5.031295,11.144166,0.374817,17.320581,0,0.680885,2.850179,3.599957,0,0.936489,174.155753,122.982964,0.5171,0.863475,21.882123,10.981585,0.37172,1.778698,0,0.002746,0.663506,0.507057,0,1.036408,161.587382
2068,19808822,0.4194,0.5806,0.734970578,0.028632436,0.017408457,0.025628482,0.061033633,0.005957971,0.085932349,0,0.003081344,0.014702728,0.017929057,0,0.004722964,0.708266701,0.008458494,0.006479579,0.172127474,0.062680974,0.011486562,0.013624412,0,1.80E-05,0.005138493,0.003934337,0,0.00778494,123.587408,5.814542,3.213135,5.053996,11.18816,0.375143,17.428183,0,0.683614,2.872735,3.608603,0,0.936707,174.762226,123.328001,0.520874,0.866189,21.90882,11.027704,0.375702,1.788268,0,0.002762,0.665732,0.508693,0,1.044967,162.037712
2069,19882780,0.4192,0.5808,0.734759137,0.028787194,0.017408457,0.025628482,0.061033633,0.00594302,0.086009893,0,0.003081344,0.014731512,0.017906337,0,0.004710989,0.708036448,0.00846775,0.006485973,0.172127474,0.062821054,0.011494632,0.013653069,0,1.81E-05,0.005143855,0.003938175,0,0.007813487,123.898923,5.883361,3.228849,5.07713,11.233967,0.375669,17.536364,0,0.686395,2.895347,3.617722,0,0.937084,175.370811,123.66436,0.524901,0.869101,21.942486,11.075227,0.380057,1.798155,0,0.002779,0.668114,0.51045,0,1.053627,162.489257
2070,19955837,0.419,0.581,0.734547697,0.028941953,0.017408457,0.025628482,0.061033633,0.005928069,0.086087437,0,0.003081344,0.014760295,0.017883617,0,0.004699015,0.707806196,0.008477006,0.006492366,0.172127474,0.062961135,0.011502701,0.013681726,0,1.81E-05,0.005149217,0.003942012,0,0.007842035,124.208741,5.952085,3.244846,5.10068,11.281552,0.376392,17.645065,0,0.689226,2.918006,3.627304,0,0.937618,175.981515,123.992155,0.529178,0.87221,21.983041,11.124139,0.384782,1.808355,0,0.002796,0.67065,0.512327,0,1.062387,162.94202
2071,20027362,0.4188,0.5812,0.734356014,0.029096711,0.017408457,0.025628482,0.061033633,0.005916109,0.086145595,0,0.003081344,0.014783321,0.017860897,0,0.004689435,0.707621994,0.008484412,0.006497481,0.172127474,0.063073199,0.011509156,0.013704652,0,1.82E-05,0.005153507,0.003945082,0,0.007864872,124.415086,6.020685,3.261108,5.12462,11.330856,0.377341,17.753969,0,0.692104,2.940628,3.63733,0,0.938332,176.492059,124.365692,0.533685,0.8755,22.030358,11.174172,0.389855,1.818813,0,0.002814,0.673327,0.514314,0,1.071196,163.449726
2072,20044963,0.4186,0.5814,0.73431909,0.029096711,0.017408457,0.025628482,0.061033633,0.005904148,0.086203753,0,0.003081344,0.014806348,0.017838177,0,0.004679856,0.707437791,0.008491817,0.006502596,0.172127474,0.063185264,0.011515612,0.013727577,0,1.82E-05,0.005157797,0.003948152,0,0.00788771,124.630163,6.086399,3.27706,5.148105,11.379869,0.37832,17.860231,0,0.694928,2.962726,3.647211,0,0.939072,177.004084,124.738543,0.53822,0.878818,22.08034,11.223838,0.395003,1.829206,0,0.002831,0.676024,0.516318,0,1.079869,163.95901
2073,20117452,0.4184,0.5816,0.734282165,0.029096711,0.017408457,0.025628482,0.061033633,0.005892188,0.086261911,0,0.003081344,0.014829374,0.017815457,0,0.004670276,0.707253589,0.008499222,0.006507711,0.172127474,0.063297328,0.011522067,0.013750503,0,1.82E-05,0.005162086,0.003951222,0,0.007910548,124.845363,6.150392,3.29324,5.171925,11.430416,0.379481,17.966715,0,0.697792,2.984817,3.657498,0,0.939956,177.517595,125.106269,0.542934,0.882277,22.135116,11.274386,0.400421,1.839802,0,0.002849,0.678831,0.518408,0,1.088583,164.469876
2074,20189965,0.4182,0.5818,0.734245241,0.029096711,0.017408457,0.025628482,0.061033633,0.005880227,0.086320069,0,0.003081344,0.014852401,0.017792737,0,0.004660696,0.707069387,0.008506627,0.006512826,0.172127474,0.063409393,0.011528523,0.013773428,0,1.83E-05,0.005166376,0.003954293,0,0.007933385,125.06193,6.212528,3.309566,5.19596,11.482212,0.380794,18.073021,0,0.700682,3.006835,3.668106,0,0.940962,178.032596,125.469872,0.547798,0.885855,22.194084,11.325613,0.40607,1.850556,0,0.002867,0.68173,0.520571,0,1.097314,164.98233
2075,20262503,0.418,0.582,0.734162876,0.029096711,0.017408457,0.025628482,0.061033633,0.005868267,0.086378227,0,0.003081344,0.014875427,0.017815457,0,0.004651117,0.706885185,0.008514032,0.00651794,0.172127474,0.063521457,0.011534978,0.013796354,0,1.83E-05,0.005170666,0.003957363,0,0.007956223,125.279325,6.272794,3.326039,5.220212,11.535268,0.382261,18.179151,0,0.703598,3.028779,3.679574,0,0.94209,178.549091,125.829309,0.552813,0.889553,22.257267,11.377533,0.411952,1.861472,0,0.002885,0.684723,0.522807,0,1.106063,165.496377
2076,20335065,0.4178,0.5822,0.734122989,0.029096711,0.017408457,0.025628482,0.061033633,0.005859297,0.086416999,0,0.003081344,0.014892697,0.017815457,0,0.004643932,0.706747034,0.008519586,0.006521776,0.172127474,0.063605505,0.01153982,0.013813548,0,1.84E-05,0.005173883,0.003959665,0,0.007973351,125.445698,6.331225,3.342693,5.24473,11.589707,0.383929,18.28503,0,0.706546,3.050607,3.691673,0,0.943379,179.015217,126.187116,0.557977,0.89337,22.324921,11.430001,0.41807,1.872521,0,0.002903,0.687808,0.525116,0,1.114795,166.014598
2077,20409481,0.4176,0.5824,0.734083103,0.029096711,0.017408457,0.025628482,0.061033633,0.005850326,0.086455771,0,0.003081344,0.014909967,0.017815457,0,0.004636747,0.706608882,0.008525139,0.006525612,0.172127474,0.063689554,0.011544661,0.013830742,0,1.84E-05,0.0051771,0.003961968,0,0.007990479,125.611576,6.387933,3.359609,5.269634,11.645821,0.385828,18.391048,0,0.70954,3.072384,3.704335,0,0.944852,179.48256,126.539702,0.563319,0.897329,22.397647,11.483236,0.424464,1.88375,0,0.002921,0.691003,0.527511,0,1.123536,166.534418
2078,20483007,0.4174,0.5826,0.734043216,0.029096711,0.017408457,0.025628482,0.061033633,0.005841356,0.086494543,0,0.003081344,0.014927237,0.017815457,0,0.004629563,0.70647073,0.008530693,0.006529449,0.172127474,0.063773602,0.011549503,0.013847936,0,1.84E-05,0.005180318,0.00396427,0,0.008007608,125.776949,6.443151,3.376765,5.29489,11.703405,0.387918,18.497298,0,0.712577,3.094153,3.717539,0,0.946478,179.951123,126.886962,0.568846,0.901434,22.475284,11.537412,0.431137,1.895195,0,0.002939,0.694312,0.529995,0,1.132326,167.055842
2079,20555058,0.4172,0.5828,0.734003329,0.029096711,0.017408457,0.025628482,0.061033633,0.005832385,0.086533315,0,0.003081344,0.014944507,0.017815457,0,0.004622378,0.706332579,0.008536247,0.006533285,0.172127474,0.06385765,0.011554344,0.01386513,0,1.84E-05,0.005183535,0.003966573,0,0.008024736,125.944211,6.496622,3.394003,5.320267,11.761909,0.390144,18.603007,0,0.715628,3.115783,3.731122,0,0.948213,180.420909,127.230803,0.574503,0.905643,22.556694,11.592131,0.438014,1.906768,0,0.002957,0.697702,0.532543,0,1.141118,167.578876
2080,20627147,0.417,0.583,0.733963442,0.029096711,0.017408457,0.025628482,0.061033633,0.005823415,0.086572087,0,0.003081344,0.014961777,0.017815457,0,0.004615193,0.706194427,0.008541801,0.006537121,0.172127474,0.063941698,0.011559186,0.013882324,0,1.85E-05,0.005186752,0.003968875,0,0.008041864,126.113855,6.548282,3.411291,5.345718,11.821229,0.392496,18.708015,0,0.718688,3.137246,3.745054,0,0.950048,180.891922,127.571585,0.580281,0.909948,22.641662,11.647318,0.445081,1.918454,0,0.002976,0.701167,0.535149,0,1.149902,168.103523
2081,20699274,0.4168,0.5832,0.733943127,0.029096711,0.017408457,0.025628482,0.061033633,0.00581594,0.086591473,0,0.003081344,0.014976169,0.017815457,0,0.004609206,0.706079301,0.008546429,0.006540317,0.172127474,0.064011739,0.011563221,0.013896653,0,1.85E-05,0.005189433,0.003970794,0,0.008056138,126.233883,6.598094,3.428615,5.371222,11.881318,0.394988,18.812009,0,0.721754,3.158494,3.75926,0,0.951995,181.311632,127.762264,0.586167,0.914341,22.730097,11.702824,0.452325,1.930221,0,0.002995,0.704699,0.537809,0,1.15865,168.482392
2082,20775096,0.4166,0.5834,0.733922812,0.029096711,0.017408457,0.025628482,0.061033633,0.005808464,0.086610859,0,0.003081344,0.01499056,0.017815457,0,0.004603219,0.705964175,0.008551057,0.006543514,0.172127474,0.064081779,0.011567255,0.013910981,0,1.85E-05,0.005192115,0.003972713,0,0.008070411,126.355253,6.646183,3.446063,5.396909,11.942491,0.397652,18.915413,0,0.724842,3.179599,3.773832,0,0.954079,181.732316,127.948379,0.592192,0.918845,22.822645,11.758883,0.459789,1.94212,0,0.003014,0.708318,0.540537,0,1.167392,168.862114
2083,20795177,0.4164,0.5836,0.733902497,0.029096711,0.017408457,0.025628482,0.061033633,0.005800989,0.086630245,0,0.003081344,0.015004952,0.017815457,0,0.004597231,0.705849048,0.008555685,0.006546711,0.172127474,0.064151819,0.01157129,0.01392531,0,1.86E-05,0.005194796,0.003974632,0,0.008084685,126.488341,6.691714,3.462966,5.421794,12.001753,0.40023,19.015113,0,0.727834,3.200049,3.788086,0,0.956096,182.153976,128.141472,0.598026,0.923207,22.912288,11.813155,0.467017,1.95364,0,0.003032,0.711822,0.543179,0,1.175854,169.242692
2084,20812919,0.4162,0.5838,0.733882182,0.029096711,0.017408457,0.025628482,0.061033633,0.005793514,0.086649631,0,0.003081344,0.015019343,0.017815457,0,0.004591244,0.705733922,0.008560313,0.006549908,0.172127474,0.064221859,0.011575324,0.013939638,0,1.86E-05,0.005197477,0.00397655,0,0.008098959,126.634124,6.734571,3.479262,5.445784,12.058885,0.402702,19.11079,0,0.730718,3.219789,3.80196,0,0.95803,182.576615,128.342289,0.603648,0.927409,22.998593,11.865476,0.47398,1.964745,0,0.00305,0.715198,0.545724,0,1.184015,169.624127
2085,20886493,0.416,0.584,0.733861867,0.029096711,0.017408457,0.025628482,0.061033633,0.005786038,0.086669017,0,0.003081344,0.015033735,0.017815457,0,0.004585257,0.705618796,0.008564942,0.006553104,0.172127474,0.0642919,0.011579359,0.013953967,0,1.86E-05,0.005200158,0.003978469,0,0.008113232,126.783962,6.775685,3.495517,5.469714,12.115874,0.405259,19.205254,0,0.733595,3.239306,3.816036,0,0.960032,183.000234,128.543991,0.609256,0.931604,23.085566,11.917335,0.480947,1.975759,0,0.003068,0.718567,0.548265,0,1.192063,170.006421
2086,20960118,0.4158,0.5842,0.733845615,0.029096711,0.017408457,0.025628482,0.061033633,0.005780058,0.086684526,0,0.003081344,0.015045248,0.017815457,0,0.004580467,0.705526695,0.008568644,0.006555662,0.172127474,0.064347932,0.011582587,0.01396543,0,1.86E-05,0.005202303,0.003980004,0,0.008124651,126.916542,6.815056,3.51174,5.493597,12.172752,0.407922,19.298493,0,0.736467,3.258569,3.830325,0,0.96212,183.403583,128.76792,0.614845,0.935789,23.17328,11.968632,0.487915,1.986662,0,0.003086,0.721926,0.5508,0,1.199975,170.41083
2087,20981676,0.4156,0.5844,0.733829363,0.029096711,0.017408457,0.025628482,0.061033633,0.005774078,0.086700035,0,0.003081344,0.015056761,0.017815457,0,0.004575677,0.705434594,0.008572347,0.006558219,0.172127474,0.064403964,0.011585815,0.013976892,0,1.86E-05,0.005204448,0.003981539,0,0.00813607,127.061154,6.851782,3.527401,5.516653,12.227659,0.410517,19.387856,0,0.739239,3.277118,3.844287,0,0.964155,183.807821,128.999293,0.62023,0.939822,23.258015,12.017971,0.494634,1.99715,0,0.003103,0.725163,0.553243,0,1.207574,170.816198
2088,21059065,0.4154,0.5846,0.733813111,0.029096711,0.017408457,0.025628482,0.061033633,0.005768098,0.086715544,0,0.003081344,0.015068275,0.017815457,0,0.004570887,0.705342493,0.008576049,0.006560777,0.172127474,0.064459996,0.011589042,0.013988355,0,1.87E-05,0.005206592,0.003983074,0,0.008147489,127.207664,6.886908,3.543136,5.539817,12.282824,0.413223,19.476937,0,0.742024,3.295564,3.858575,0,0.966278,184.21295,129.232044,0.625592,0.943841,23.343092,12.066827,0.501341,2.007541,0,0.00312,0.728387,0.555677,0,1.215065,171.222527
2089,21135087,0.4152,0.5848,0.733796859,0.029096711,0.017408457,0.025628482,0.061033633,0.005762117,0.086731053,0,0.003081344,0.015079788,0.017815457,0,0.004566098,0.705250392,0.008579752,0.006563334,0.172127474,0.064516029,0.01159227,0.013999818,0,1.87E-05,0.005208737,0.003984609,0,0.008158907,127.356725,6.920351,3.558902,5.563028,12.338101,0.416027,19.565524,0,0.744815,3.31387,3.873149,0,0.968479,184.618971,129.466688,0.630916,0.947833,23.428215,12.115088,0.508016,2.01781,0,0.003137,0.731589,0.558096,0,1.222433,171.629821
2090,21211178,0.415,0.585,0.733780607,0.029096711,0.017408457,0.025628482,0.061033633,0.005756137,0.086746562,0,0.003081344,0.015091301,0.017815457,0,0.004561308,0.705158291,0.008583454,0.006565891,0.172127474,0.064572061,0.011595498,0.014011281,0,1.87E-05,0.005210882,0.003986144,0,0.008170326,127.508351,6.952097,3.574701,5.586287,12.393491,0.41893,19.653614,0,0.747611,3.332035,3.888011,0,0.970759,185.025887,129.703228,0.636201,0.951799,23.513387,12.16275,0.514659,2.027957,0,0.003154,0.734769,0.560499,0,1.229678,172.038081
2091,21287339,0.4148,0.5852,0.733768418,0.029096711,0.017408457,0.025628482,0.061033633,0.005751652,0.086758193,0,0.003081344,0.015099936,0.017815457,0,0.004557715,0.705089215,0.008586231,0.006567809,0.172127474,0.064614085,0.011597918,0.014019878,0,1.87E-05,0.005212491,0.003987296,0,0.00817889,127.630376,6.982133,3.590533,5.609594,12.448997,0.421951,19.741156,0,0.750413,3.350022,3.903163,0,0.973134,185.401472,129.871867,0.64144,0.955733,23.598612,12.209687,0.521262,2.037956,0,0.00317,0.737922,0.562883,0,1.236773,172.377305
2092,21367227,0.4146,0.5854,0.733756229,0.029096711,0.017408457,0.025628482,0.061033633,0.005747167,0.086769825,0,0.003081344,0.015108571,0.017815457,0,0.004554123,0.705020139,0.008589008,0.006569727,0.172127474,0.064656109,0.011600339,0.014028475,0,1.87E-05,0.005214099,0.003988447,0,0.008187455,127.75419,7.010523,3.606445,5.633019,12.504784,0.425107,19.828378,0,0.753229,3.36787,3.918657,0,0.975617,185.777819,130.041753,0.646648,0.959647,23.684221,12.256017,0.527848,2.047832,0,0.003186,0.741058,0.565255,0,1.243733,172.717198
2093,21447183,0.4144,0.5856,0.73374404,0.029096711,0.017408457,0.025628482,0.061033633,0.005742682,0.086781456,0,0.003081344,0.015117206,0.017815457,0,0.004550531,0.704951063,0.008591785,0.006571645,0.172127474,0.064698133,0.01160276,0.014037072,0,1.87E-05,0.005215708,0.003989598,0,0.008196019,127.879336,7.037279,3.622453,5.656586,12.560909,0.428369,19.915581,0,0.756063,3.385658,3.934511,0,0.978185,186.15493,130.212312,0.651847,0.963557,23.770328,12.302012,0.534437,2.057642,0,0.003202,0.744189,0.567624,0,1.250611,173.057761
2094,21527207,0.4142,0.5858,0.733731851,0.029096711,0.017408457,0.025628482,0.061033633,0.005738196,0.086793088,0,0.003081344,0.015125841,0.017815457,0,0.004546938,0.704881987,0.008594562,0.006573564,0.172127474,0.064740157,0.011605181,0.014045669,0,1.88E-05,0.005217317,0.00399075,0,0.008204583,127.995685,7.06511,3.639104,5.6811,12.619287,0.431924,20.005466,0,0.75901,3.403849,3.951287,0,0.980985,186.532807,130.37694,0.657228,0.967609,23.860824,12.349096,0.54129,2.067696,0,0.003218,0.747431,0.57008,0,1.257583,173.398995
2095,21605938,0.4145,0.5855,0.733719662,0.029096711,0.017408457,0.025628482,0.061033633,0.005733711,0.08680472,0,0.003081344,0.015134476,0.017815457,0,0.004543346,0.704812912,0.008597339,0.006575482,0.172127474,0.064782181,0.011607602,0.014054266,0,1.88E-05,0.005218925,0.003991901,0,0.008213147,128.11479,7.092751,3.655641,5.705446,12.677267,0.435517,20.094279,0,0.761937,3.421796,3.968211,0,0.983816,186.911451,130.539337,0.662684,0.97172,23.953518,12.396481,0.548261,2.077821,0,0.003234,0.75072,0.572572,0,1.264553,173.740901
2096,21684757,0.4144,0.5856,0.733709597,0.029096711,0.017408457,0.025628482,0.061033633,0.005730721,0.086814413,0,0.003081344,0.015140233,0.017815457,0,0.004540951,0.704766861,0.00859919,0.00657676,0.172127474,0.064810198,0.011609215,0.014059997,0,1.88E-05,0.005219998,0.003992668,0,0.008218856,128.201832,7.120453,3.672215,5.729846,12.735375,0.439217,20.182739,0,0.764871,3.439592,3.985439,0,0.986733,187.258312,130.683178,0.668133,0.975829,24.046935,12.443482,0.555243,2.087871,0,0.00325,0.754006,0.575063,0,1.271424,174.064414
2097,21768236,0.4143,0.5857,0.733699533,0.029096711,0.017408457,0.025628482,0.061033633,0.005727731,0.086824106,0,0.003081344,0.015145989,0.017815457,0,0.004538556,0.704720811,0.008601041,0.006578039,0.172127474,0.064838214,0.011610829,0.014065729,0,1.88E-05,0.00522107,0.003993436,0,0.008224566,128.289057,7.148295,3.688873,5.754369,12.793777,0.44304,20.271077,0,0.767819,3.457276,4.002486,0,0.989748,187.605817,130.826894,0.673591,0.979948,24.141408,12.490221,0.562258,2.097873,0,0.003266,0.757299,0.57756,0,1.278211,174.388529
2098,21851800,0.4142,0.5858,0.733689468,0.029096711,0.017408457,0.025628482,0.061033633,0.005724741,0.086833799,0,0.003081344,0.015151746,0.017815457,0,0.004536161,0.70467476,0.008602893,0.006579318,0.172127474,0.06486623,0.011612443,0.01407146,0,1.88E-05,0.005222143,0.003994203,0,0.008230275,128.375961,7.176278,3.705615,5.779016,12.852474,0.446953,20.35952,0,0.770782,3.474914,4.019619,0,0.992835,187.953967,130.970092,0.679074,0.984089,24.236943,12.536935,0.56932,2.107874,0,0.003282,0.760607,0.58007,0,1.284962,174.713248
2099,21934535,0.4141,0.5859,0.733679403,0.029096711,0.017408457,0.025628482,0.061033633,0.005721751,0.086843492,0,0.003081344,0.015157503,0.017815457,0,0.004533766,0.70462871,0.008604744,0.006580596,0.172127474,0.064894246,0.011614057,0.014077192,0,1.88E-05,0.005223215,0.003994971,0,0.008235985,128.462969,7.204355,3.722414,5.803747,12.911369,0.450946,20.447929,0,0.773755,3.492483,4.03681,0,0.995986,188.302763,131.113102,0.684572,0.988243,24.33335,12.583549,0.576416,2.117859,0,0.003298,0.763926,0.582589,0,1.291667,175.038571
2100,22017354,0.414,0.586,0.733669339,0.029096711,0.017408457,0.025628482,0.061033633,0.005718761,0.086853185,0,0.003081344,0.015163259,0.017815457,0,0.004531371,0.704582659,0.008606595,0.006581875,0.172127474,0.064922262,0.011615671,0.014082923,0,1.88E-05,0.005224288,0.003995738,0,0.008241694,128.549937,7.232543,3.739279,5.828575,12.970497,0.455023,20.53635,0,0.77674,3.509989,4.054069,0,0.999204,188.652206,131.255805,0.690089,0.992414,24.430701,12.630088,0.583551,2.127833,0,0.003314,0.767257,0.585118,0,1.29833,175.3645
