"Year","Unit","value","mfa_alu_proj","Case"
2000,"kg CO2 eq / kg prim alu cons",13.4532797268781,"constant","Constant"
2001,"kg CO2 eq / kg prim alu cons",14.1324619767748,"constant","Constant"
2002,"kg CO2 eq / kg prim alu cons",14.5026241981403,"constant","Constant"
2003,"kg CO2 eq / kg prim alu cons",14.4083885484241,"constant","Constant"
2004,"kg CO2 eq / kg prim alu cons",13.8848197898501,"constant","Constant"
2005,"kg CO2 eq / kg prim alu cons",13.3786895458642,"constant","Constant"
2006,"kg CO2 eq / kg prim alu cons",13.0013727265141,"constant","Constant"
2007,"kg CO2 eq / kg prim alu cons",12.8318652765233,"constant","Constant"
2008,"kg CO2 eq / kg prim alu cons",13.3731428600703,"constant","Constant"
2009,"kg CO2 eq / kg prim alu cons",12.6266287234314,"constant","Constant"
2010,"kg CO2 eq / kg prim alu cons",12.2813980856481,"constant","Constant"
2011,"kg CO2 eq / kg prim alu cons",11.6514617170769,"constant","Constant"
2012,"kg CO2 eq / kg prim alu cons",12.8008888249155,"constant","Constant"
2013,"kg CO2 eq / kg prim alu cons",11.7629172636689,"constant","Constant"
2014,"kg CO2 eq / kg prim alu cons",11.5347938388048,"constant","Constant"
2015,"kg CO2 eq / kg prim alu cons",13.1835887695113,"constant","Constant"
2016,"kg CO2 eq / kg prim alu cons",12.170388399708,"constant","Constant"
2017,"kg CO2 eq / kg prim alu cons",12.1536748260599,"constant","Constant"
2018,"kg CO2 eq / kg prim alu cons",12.1370161847594,"constant","Constant"
2019,"kg CO2 eq / kg prim alu cons",12.1204122876317,"constant","Constant"
2020,"kg CO2 eq / kg prim alu cons",12.1038629471645,"constant","Constant"
2021,"kg CO2 eq / kg prim alu cons",12.0873679765063,"constant","Constant"
2022,"kg CO2 eq / kg prim alu cons",12.0709271894633,"constant","Constant"
2023,"kg CO2 eq / kg prim alu cons",12.0545404004976,"constant","Constant"
2024,"kg CO2 eq / kg prim alu cons",12.0382074247245,"constant","Constant"
2025,"kg CO2 eq / kg prim alu cons",12.0219280779102,"constant","Constant"
2026,"kg CO2 eq / kg prim alu cons",12.0057021764696,"constant","Constant"
2027,"kg CO2 eq / kg prim alu cons",11.9895295374641,"constant","Constant"
2028,"kg CO2 eq / kg prim alu cons",11.9734099785987,"constant","Constant"
2029,"kg CO2 eq / kg prim alu cons",11.9573433182205,"constant","Constant"
2030,"kg CO2 eq / kg prim alu cons",11.9413293753155,"constant","Constant"
2031,"kg CO2 eq / kg prim alu cons",11.9253679695072,"constant","Constant"
2032,"kg CO2 eq / kg prim alu cons",11.9094589210535,"constant","Constant"
2033,"kg CO2 eq / kg prim alu cons",11.8936020508451,"constant","Constant"
2034,"kg CO2 eq / kg prim alu cons",11.8777971804029,"constant","Constant"
2035,"kg CO2 eq / kg prim alu cons",11.8620441318754,"constant","Constant"
2036,"kg CO2 eq / kg prim alu cons",11.8463427280372,"constant","Constant"
2037,"kg CO2 eq / kg prim alu cons",11.8306927922864,"constant","Constant"
2038,"kg CO2 eq / kg prim alu cons",11.8150941486421,"constant","Constant"
2039,"kg CO2 eq / kg prim alu cons",11.7995466217423,"constant","Constant"
2040,"kg CO2 eq / kg prim alu cons",11.7840500368422,"constant","Constant"
2041,"kg CO2 eq / kg prim alu cons",11.7686042198111,"constant","Constant"
2042,"kg CO2 eq / kg prim alu cons",11.753208997131,"constant","Constant"
2043,"kg CO2 eq / kg prim alu cons",11.7378641958939,"constant","Constant"
2044,"kg CO2 eq / kg prim alu cons",11.7225696437997,"constant","Constant"
2045,"kg CO2 eq / kg prim alu cons",11.7073251691543,"constant","Constant"
2046,"kg CO2 eq / kg prim alu cons",11.692130600867,"constant","Constant"
2047,"kg CO2 eq / kg prim alu cons",11.6769857684486,"constant","Constant"
2048,"kg CO2 eq / kg prim alu cons",11.6618905020094,"constant","Constant"
2049,"kg CO2 eq / kg prim alu cons",11.6468446322564,"constant","Constant"
2050,"kg CO2 eq / kg prim alu cons",11.6318479904921,"constant","Constant"
2000,"kg CO2 eq / kg prim alu cons",13.4532797268781,"local","Local"
2001,"kg CO2 eq / kg prim alu cons",14.1324619767748,"local","Local"
2002,"kg CO2 eq / kg prim alu cons",14.5026241981403,"local","Local"
2003,"kg CO2 eq / kg prim alu cons",14.4083885484241,"local","Local"
2004,"kg CO2 eq / kg prim alu cons",13.8848197898501,"local","Local"
2005,"kg CO2 eq / kg prim alu cons",13.3786895458642,"local","Local"
2006,"kg CO2 eq / kg prim alu cons",13.0013727265141,"local","Local"
2007,"kg CO2 eq / kg prim alu cons",12.8318652765233,"local","Local"
2008,"kg CO2 eq / kg prim alu cons",13.3731428600703,"local","Local"
2009,"kg CO2 eq / kg prim alu cons",12.6266287234314,"local","Local"
2010,"kg CO2 eq / kg prim alu cons",12.2813980856481,"local","Local"
2011,"kg CO2 eq / kg prim alu cons",11.6514617170769,"local","Local"
2012,"kg CO2 eq / kg prim alu cons",12.8008888249155,"local","Local"
2013,"kg CO2 eq / kg prim alu cons",11.7629172636689,"local","Local"
2014,"kg CO2 eq / kg prim alu cons",11.5347938388048,"local","Local"
2015,"kg CO2 eq / kg prim alu cons",13.1835887695113,"local","Local"
2016,"kg CO2 eq / kg prim alu cons",12.170388399708,"local","Local"
2017,"kg CO2 eq / kg prim alu cons",12.2429891462221,"local","Local"
2018,"kg CO2 eq / kg prim alu cons",12.3148354980061,"local","Local"
2019,"kg CO2 eq / kg prim alu cons",12.3859322527276,"local","Local"
2020,"kg CO2 eq / kg prim alu cons",12.456284182136,"local","Local"
2021,"kg CO2 eq / kg prim alu cons",12.5258960321914,"local","Local"
2022,"kg CO2 eq / kg prim alu cons",12.5947725231924,"local","Local"
2023,"kg CO2 eq / kg prim alu cons",12.6629183499038,"local","Local"
2024,"kg CO2 eq / kg prim alu cons",12.7303381816831,"local","Local"
2025,"kg CO2 eq / kg prim alu cons",12.7970366626067,"local","Local"
2026,"kg CO2 eq / kg prim alu cons",12.8630184115959,"local","Local"
2027,"kg CO2 eq / kg prim alu cons",12.9282880225416,"local","Local"
2028,"kg CO2 eq / kg prim alu cons",12.9928500644287,"local","Local"
2029,"kg CO2 eq / kg prim alu cons",13.0567090814602,"local","Local"
2030,"kg CO2 eq / kg prim alu cons",13.1198695931804,"local","Local"
2031,"kg CO2 eq / kg prim alu cons",13.1823360945972,"local","Local"
2032,"kg CO2 eq / kg prim alu cons",13.2441130563049,"local","Local"
2033,"kg CO2 eq / kg prim alu cons",13.3052049246051,"local","Local"
2034,"kg CO2 eq / kg prim alu cons",13.365616121628,"local","Local"
2035,"kg CO2 eq / kg prim alu cons",13.4253510454527,"local","Local"
2036,"kg CO2 eq / kg prim alu cons",13.4844140702269,"local","Local"
2037,"kg CO2 eq / kg prim alu cons",13.5428095462864,"local","Local"
2038,"kg CO2 eq / kg prim alu cons",13.6005418002735,"local","Local"
2039,"kg CO2 eq / kg prim alu cons",13.6576151352553,"local","Local"
2040,"kg CO2 eq / kg prim alu cons",13.7140338308412,"local","Local"
2041,"kg CO2 eq / kg prim alu cons",13.7698021433001,"local","Local"
2042,"kg CO2 eq / kg prim alu cons",13.8249243056766,"local","Local"
2043,"kg CO2 eq / kg prim alu cons",13.8794045279068,"local","Local"
2044,"kg CO2 eq / kg prim alu cons",13.9332469969343,"local","Local"
2045,"kg CO2 eq / kg prim alu cons",13.9864558768241,"local","Local"
2046,"kg CO2 eq / kg prim alu cons",14.0390353088777,"local","Local"
2047,"kg CO2 eq / kg prim alu cons",14.0909894117464,"local","Local"
2048,"kg CO2 eq / kg prim alu cons",14.1423222815443,"local","Local"
2049,"kg CO2 eq / kg prim alu cons",14.1930379919617,"local","Local"
2050,"kg CO2 eq / kg prim alu cons",14.2431405943764,"local","Local"
2000,"kg CO2 eq / kg prim alu cons",13.4532797268781,"trends","Trends"
2001,"kg CO2 eq / kg prim alu cons",14.1324619767748,"trends","Trends"
2002,"kg CO2 eq / kg prim alu cons",14.5026241981403,"trends","Trends"
2003,"kg CO2 eq / kg prim alu cons",14.4083885484241,"trends","Trends"
2004,"kg CO2 eq / kg prim alu cons",13.8848197898501,"trends","Trends"
2005,"kg CO2 eq / kg prim alu cons",13.3786895458642,"trends","Trends"
2006,"kg CO2 eq / kg prim alu cons",13.0013727265141,"trends","Trends"
2007,"kg CO2 eq / kg prim alu cons",12.8318652765233,"trends","Trends"
2008,"kg CO2 eq / kg prim alu cons",13.3731428600703,"trends","Trends"
2009,"kg CO2 eq / kg prim alu cons",12.6266287234314,"trends","Trends"
2010,"kg CO2 eq / kg prim alu cons",12.2813980856481,"trends","Trends"
2011,"kg CO2 eq / kg prim alu cons",11.6514617170769,"trends","Trends"
2012,"kg CO2 eq / kg prim alu cons",12.8008888249155,"trends","Trends"
2013,"kg CO2 eq / kg prim alu cons",11.7629172636689,"trends","Trends"
2014,"kg CO2 eq / kg prim alu cons",11.5347938388048,"trends","Trends"
2015,"kg CO2 eq / kg prim alu cons",13.1835887695113,"trends","Trends"
2016,"kg CO2 eq / kg prim alu cons",12.170388399708,"trends","Trends"
2017,"kg CO2 eq / kg prim alu cons",11.9499568534485,"trends","Trends"
2018,"kg CO2 eq / kg prim alu cons",11.7314794178777,"trends","Trends"
2019,"kg CO2 eq / kg prim alu cons",11.5149439154811,"trends","Trends"
2020,"kg CO2 eq / kg prim alu cons",11.3003382346158,"trends","Trends"
2021,"kg CO2 eq / kg prim alu cons",11.0876503291813,"trends","Trends"
2022,"kg CO2 eq / kg prim alu cons",10.8768682182928,"trends","Trends"
2023,"kg CO2 eq / kg prim alu cons",10.8660600451753,"trends","Trends"
2024,"kg CO2 eq / kg prim alu cons",10.8552821917343,"trends","Trends"
2025,"kg CO2 eq / kg prim alu cons",10.8445345696059,"trends","Trends"
2026,"kg CO2 eq / kg prim alu cons",10.8338170906906,"trends","Trends"
2027,"kg CO2 eq / kg prim alu cons",10.8231296671528,"trends","Trends"
2028,"kg CO2 eq / kg prim alu cons",10.8124722114198,"trends","Trends"
2029,"kg CO2 eq / kg prim alu cons",10.8018446361811,"trends","Trends"
2030,"kg CO2 eq / kg prim alu cons",10.7912468543874,"trends","Trends"
2031,"kg CO2 eq / kg prim alu cons",10.7806787792502,"trends","Trends"
2032,"kg CO2 eq / kg prim alu cons",10.7701403242406,"trends","Trends"
2033,"kg CO2 eq / kg prim alu cons",10.7596314030886,"trends","Trends"
2034,"kg CO2 eq / kg prim alu cons",10.7491519297825,"trends","Trends"
2035,"kg CO2 eq / kg prim alu cons",10.7387018185679,"trends","Trends"
2036,"kg CO2 eq / kg prim alu cons",10.7282809839472,"trends","Trends"
2037,"kg CO2 eq / kg prim alu cons",10.7178893406782,"trends","Trends"
2038,"kg CO2 eq / kg prim alu cons",10.7075268037741,"trends","Trends"
2039,"kg CO2 eq / kg prim alu cons",10.6971932885021,"trends","Trends"
2040,"kg CO2 eq / kg prim alu cons",10.6868887103831,"trends","Trends"
2041,"kg CO2 eq / kg prim alu cons",10.6766129851905,"trends","Trends"
2042,"kg CO2 eq / kg prim alu cons",10.6663660289497,"trends","Trends"
2043,"kg CO2 eq / kg prim alu cons",10.6561477579372,"trends","Trends"
2044,"kg CO2 eq / kg prim alu cons",10.64595808868,"trends","Trends"
2045,"kg CO2 eq / kg prim alu cons",10.6357969379545,"trends","Trends"
2046,"kg CO2 eq / kg prim alu cons",10.6256642227862,"trends","Trends"
2047,"kg CO2 eq / kg prim alu cons",10.6155598604486,"trends","Trends"
2048,"kg CO2 eq / kg prim alu cons",10.6054837684625,"trends","Trends"
2049,"kg CO2 eq / kg prim alu cons",10.5954358645952,"trends","Trends"
2050,"kg CO2 eq / kg prim alu cons",10.5854160668601,"trends","Trends"
