"Year","Region","value","Unit"
2000,"CA-QC",7.28935171167687,"kg CO2eq / kg prim alu"
2000,"CN",27.0848482826121,"kg CO2eq / kg prim alu"
2000,"IAI Area 1",17.6116709484087,"kg CO2eq / kg prim alu"
2000,"IAI Area 2, without Quebec",16.4430513529513,"kg CO2eq / kg prim alu"
2000,"IAI Area 3",10.0811709848058,"kg CO2eq / kg prim alu"
2000,"IAI Area 4&5 without China",20.9919591818889,"kg CO2eq / kg prim alu"
2000,"UN-EUROPE",12.9817164126017,"kg CO2eq / kg prim alu"
2000,"UN-OCEANIA",21.0558320208724,"kg CO2eq / kg prim alu"
2001,"CA-QC",7.28378851483894,"kg CO2eq / kg prim alu"
2001,"CN",27.072891686089,"kg CO2eq / kg prim alu"
2001,"IAI Area 1",18.2098030526555,"kg CO2eq / kg prim alu"
2001,"IAI Area 2, without Quebec",18.9864970935225,"kg CO2eq / kg prim alu"
2001,"IAI Area 3",9.62374468773715,"kg CO2eq / kg prim alu"
2001,"IAI Area 4&5 without China",21.0052561682038,"kg CO2eq / kg prim alu"
2001,"UN-EUROPE",13.907039033773,"kg CO2eq / kg prim alu"
2001,"UN-OCEANIA",21.6161701474951,"kg CO2eq / kg prim alu"
2002,"CA-QC",7.28401260157672,"kg CO2eq / kg prim alu"
2002,"CN",26.928685159114,"kg CO2eq / kg prim alu"
2002,"IAI Area 1",18.2763220557521,"kg CO2eq / kg prim alu"
2002,"IAI Area 2, without Quebec",19.8744035999671,"kg CO2eq / kg prim alu"
2002,"IAI Area 3",9.63030947512099,"kg CO2eq / kg prim alu"
2002,"IAI Area 4&5 without China",21.29228444517,"kg CO2eq / kg prim alu"
2002,"UN-EUROPE",13.4909946739178,"kg CO2eq / kg prim alu"
2002,"UN-OCEANIA",21.2290342660279,"kg CO2eq / kg prim alu"
2003,"CA-QC",7.28698418657772,"kg CO2eq / kg prim alu"
2003,"CN",26.480020398292,"kg CO2eq / kg prim alu"
2003,"IAI Area 1",19.4000496067107,"kg CO2eq / kg prim alu"
2003,"IAI Area 2, without Quebec",20.0534727584823,"kg CO2eq / kg prim alu"
2003,"IAI Area 3",9.64888805760559,"kg CO2eq / kg prim alu"
2003,"IAI Area 4&5 without China",22.8212949163585,"kg CO2eq / kg prim alu"
2003,"UN-EUROPE",13.4616893213855,"kg CO2eq / kg prim alu"
2003,"UN-OCEANIA",21.6419998856013,"kg CO2eq / kg prim alu"
2004,"CA-QC",7.2878025903157,"kg CO2eq / kg prim alu"
2004,"CN",26.1701835853966,"kg CO2eq / kg prim alu"
2004,"IAI Area 1",19.7792141502745,"kg CO2eq / kg prim alu"
2004,"IAI Area 2, without Quebec",19.5340224137556,"kg CO2eq / kg prim alu"
2004,"IAI Area 3",9.71055954257615,"kg CO2eq / kg prim alu"
2004,"IAI Area 4&5 without China",21.19269878213,"kg CO2eq / kg prim alu"
2004,"UN-EUROPE",12.3495675967017,"kg CO2eq / kg prim alu"
2004,"UN-OCEANIA",21.6464701371047,"kg CO2eq / kg prim alu"
2005,"CA-QC",7.2872082733155,"kg CO2eq / kg prim alu"
2005,"CN",25.8765509020808,"kg CO2eq / kg prim alu"
2005,"IAI Area 1",18.8740453086096,"kg CO2eq / kg prim alu"
2005,"IAI Area 2, without Quebec",19.210037533198,"kg CO2eq / kg prim alu"
2005,"IAI Area 3",9.60618105519607,"kg CO2eq / kg prim alu"
2005,"IAI Area 4&5 without China",21.3112818604406,"kg CO2eq / kg prim alu"
2005,"UN-EUROPE",10.1123593078819,"kg CO2eq / kg prim alu"
2005,"UN-OCEANIA",21.5720450239542,"kg CO2eq / kg prim alu"
2006,"CA-QC",7.28731544523357,"kg CO2eq / kg prim alu"
2006,"CN",26.0407532487323,"kg CO2eq / kg prim alu"
2006,"IAI Area 1",19.3574460223994,"kg CO2eq / kg prim alu"
2006,"IAI Area 2, without Quebec",18.8724462941705,"kg CO2eq / kg prim alu"
2006,"IAI Area 3",9.5865836605033,"kg CO2eq / kg prim alu"
2006,"IAI Area 4&5 without China",21.9436213405317,"kg CO2eq / kg prim alu"
2006,"UN-EUROPE",12.107196579977,"kg CO2eq / kg prim alu"
2006,"UN-OCEANIA",21.7782024931124,"kg CO2eq / kg prim alu"
2007,"CA-QC",7.28593195320031,"kg CO2eq / kg prim alu"
2007,"CN",25.6989113014247,"kg CO2eq / kg prim alu"
2007,"IAI Area 1",15.2268144330706,"kg CO2eq / kg prim alu"
2007,"IAI Area 2, without Quebec",17.3737169788452,"kg CO2eq / kg prim alu"
2007,"IAI Area 3",9.8095965030914,"kg CO2eq / kg prim alu"
2007,"IAI Area 4&5 without China",21.9256002303618,"kg CO2eq / kg prim alu"
2007,"UN-EUROPE",12.1442144857908,"kg CO2eq / kg prim alu"
2007,"UN-OCEANIA",21.7357400364724,"kg CO2eq / kg prim alu"
2008,"CA-QC",7.2866821566268,"kg CO2eq / kg prim alu"
2008,"CN",25.4878824058897,"kg CO2eq / kg prim alu"
2008,"IAI Area 1",20.1496769032553,"kg CO2eq / kg prim alu"
2008,"IAI Area 2, without Quebec",18.7615209746485,"kg CO2eq / kg prim alu"
2008,"IAI Area 3",10.3365685379008,"kg CO2eq / kg prim alu"
2008,"IAI Area 4&5 without China",22.7529337330902,"kg CO2eq / kg prim alu"
2008,"UN-EUROPE",11.498796816464,"kg CO2eq / kg prim alu"
2008,"UN-OCEANIA",21.7772307555877,"kg CO2eq / kg prim alu"
2009,"CA-QC",7.28188864901863,"kg CO2eq / kg prim alu"
2009,"CN",25.3383700891363,"kg CO2eq / kg prim alu"
2009,"IAI Area 1",20.6278879544423,"kg CO2eq / kg prim alu"
2009,"IAI Area 2, without Quebec",20.5450873752369,"kg CO2eq / kg prim alu"
2009,"IAI Area 3",11.157283477774,"kg CO2eq / kg prim alu"
2009,"IAI Area 4&5 without China",22.641317722355,"kg CO2eq / kg prim alu"
2009,"UN-EUROPE",9.77874822327849,"kg CO2eq / kg prim alu"
2009,"UN-OCEANIA",18.8439132849585,"kg CO2eq / kg prim alu"
2010,"CA-QC",7.28299933980589,"kg CO2eq / kg prim alu"
2010,"CN",25.0819791812805,"kg CO2eq / kg prim alu"
2010,"IAI Area 1",16.4567515150153,"kg CO2eq / kg prim alu"
2010,"IAI Area 2, without Quebec",19.0770023909646,"kg CO2eq / kg prim alu"
2010,"IAI Area 3",10.967969741888,"kg CO2eq / kg prim alu"
2010,"IAI Area 4&5 without China",19.3780025039691,"kg CO2eq / kg prim alu"
2010,"UN-EUROPE",9.83665332920529,"kg CO2eq / kg prim alu"
2010,"UN-OCEANIA",21.755413203382,"kg CO2eq / kg prim alu"
2011,"CA-QC",7.28581503838061,"kg CO2eq / kg prim alu"
2011,"CN",24.9938362098024,"kg CO2eq / kg prim alu"
2011,"IAI Area 1",15.8796480296128,"kg CO2eq / kg prim alu"
2011,"IAI Area 2, without Quebec",17.521215603602,"kg CO2eq / kg prim alu"
2011,"IAI Area 3",10.8920933536111,"kg CO2eq / kg prim alu"
2011,"IAI Area 4&5 without China",20.1943133370832,"kg CO2eq / kg prim alu"
2011,"UN-EUROPE",9.69796009468309,"kg CO2eq / kg prim alu"
2011,"UN-OCEANIA",21.7069420480966,"kg CO2eq / kg prim alu"
2012,"CA-QC",7.28629244056109,"kg CO2eq / kg prim alu"
2012,"CN",24.9017036244252,"kg CO2eq / kg prim alu"
2012,"IAI Area 1",15.8203538159168,"kg CO2eq / kg prim alu"
2012,"IAI Area 2, without Quebec",17.0457309777024,"kg CO2eq / kg prim alu"
2012,"IAI Area 3",10.8758278967466,"kg CO2eq / kg prim alu"
2012,"IAI Area 4&5 without China",29.5409149188514,"kg CO2eq / kg prim alu"
2012,"IAI Area 8",18.8576551067622,"kg CO2eq / kg prim alu"
2012,"UN-EUROPE",8.91542110887472,"kg CO2eq / kg prim alu"
2012,"UN-OCEANIA",21.4398834776025,"kg CO2eq / kg prim alu"
2013,"CA-QC",7.28752004616806,"kg CO2eq / kg prim alu"
2013,"CN",24.7628271300945,"kg CO2eq / kg prim alu"
2013,"IAI Area 1",17.429211457571,"kg CO2eq / kg prim alu"
2013,"IAI Area 2, without Quebec",15.1726683061012,"kg CO2eq / kg prim alu"
2013,"IAI Area 3",11.5882508171942,"kg CO2eq / kg prim alu"
2013,"IAI Area 4&5 without China",30.284770741547,"kg CO2eq / kg prim alu"
2013,"IAI Area 8",19.1481948706988,"kg CO2eq / kg prim alu"
2013,"UN-EUROPE",8.61410633730594,"kg CO2eq / kg prim alu"
2013,"UN-OCEANIA",19.4238850082474,"kg CO2eq / kg prim alu"
2014,"CA-QC",7.28056361439524,"kg CO2eq / kg prim alu"
2014,"CN",24.5705030917937,"kg CO2eq / kg prim alu"
2014,"IAI Area 1",15.3181273349492,"kg CO2eq / kg prim alu"
2014,"IAI Area 2, without Quebec",14.9161938842018,"kg CO2eq / kg prim alu"
2014,"IAI Area 3",12.0928205912348,"kg CO2eq / kg prim alu"
2014,"IAI Area 4&5 without China",30.4576720943692,"kg CO2eq / kg prim alu"
2014,"IAI Area 8",19.210927145702,"kg CO2eq / kg prim alu"
2014,"UN-EUROPE",8.53116507875807,"kg CO2eq / kg prim alu"
2014,"UN-OCEANIA",21.0368711444079,"kg CO2eq / kg prim alu"
2015,"CA-QC",7.28309676882232,"kg CO2eq / kg prim alu"
2015,"CN",24.5251324631167,"kg CO2eq / kg prim alu"
2015,"IAI Area 1",14.1810045707076,"kg CO2eq / kg prim alu"
2015,"IAI Area 2, without Quebec",19.7510694182945,"kg CO2eq / kg prim alu"
2015,"IAI Area 3",12.1497079474574,"kg CO2eq / kg prim alu"
2015,"IAI Area 4&5 without China",28.0058605782811,"kg CO2eq / kg prim alu"
2015,"IAI Area 8",18.8723640544115,"kg CO2eq / kg prim alu"
2015,"UN-EUROPE",8.45411821241736,"kg CO2eq / kg prim alu"
2015,"UN-OCEANIA",20.6610361898513,"kg CO2eq / kg prim alu"
2016,"CA-QC",7.28253117402581,"kg CO2eq / kg prim alu"
2016,"CN",24.4345833855902,"kg CO2eq / kg prim alu"
2016,"IAI Area 1",14.1547401832614,"kg CO2eq / kg prim alu"
2016,"IAI Area 2, without Quebec",19.7000593093135,"kg CO2eq / kg prim alu"
2016,"IAI Area 3",12.1348517279911,"kg CO2eq / kg prim alu"
2016,"IAI Area 4&5 without China",27.9748447710716,"kg CO2eq / kg prim alu"
2016,"IAI Area 8",18.8352664605872,"kg CO2eq / kg prim alu"
2016,"UN-EUROPE",8.45028124605572,"kg CO2eq / kg prim alu"
2016,"UN-OCEANIA",20.6118667017735,"kg CO2eq / kg prim alu"
2017,"CA-QC",7.28196774934838,"kg CO2eq / kg prim alu"
2017,"CN",24.3444870534513,"kg CO2eq / kg prim alu"
2017,"IAI Area 1",14.1285639589888,"kg CO2eq / kg prim alu"
2017,"IAI Area 2, without Quebec",19.6492449199734,"kg CO2eq / kg prim alu"
2017,"IAI Area 3",12.1200345832349,"kg CO2eq / kg prim alu"
2017,"IAI Area 4&5 without China",27.9438735547363,"kg CO2eq / kg prim alu"
2017,"IAI Area 8",18.7982790368982,"kg CO2eq / kg prim alu"
2017,"UN-EUROPE",8.44645182321014,"kg CO2eq / kg prim alu"
2017,"UN-OCEANIA",20.5628666068064,"kg CO2eq / kg prim alu"
2018,"CA-QC",7.28140648646354,"kg CO2eq / kg prim alu"
2018,"CN",24.2548412029732,"kg CO2eq / kg prim alu"
2018,"IAI Area 1",14.1024756019473,"kg CO2eq / kg prim alu"
2018,"IAI Area 2, without Quebec",19.5986254993216,"kg CO2eq / kg prim alu"
2018,"IAI Area 3",12.1052564104149,"kg CO2eq / kg prim alu"
2018,"IAI Area 4&5 without China",27.9129468651681,"kg CO2eq / kg prim alu"
2018,"IAI Area 8",18.761401456168,"kg CO2eq / kg prim alu"
2018,"UN-EUROPE",8.44262992904997,"kg CO2eq / kg prim alu"
2018,"UN-OCEANIA",20.5140353213762,"kg CO2eq / kg prim alu"
2019,"CA-QC",7.28084737707675,"kg CO2eq / kg prim alu"
2019,"CN",24.1656435817473,"kg CO2eq / kg prim alu"
2019,"IAI Area 1",14.076474817188,"kg CO2eq / kg prim alu"
2019,"IAI Area 2, without Quebec",19.5482002992868,"kg CO2eq / kg prim alu"
2019,"IAI Area 3",12.0905171070273,"kg CO2eq / kg prim alu"
2019,"IAI Area 4&5 without China",27.8820646383515,"kg CO2eq / kg prim alu"
2019,"IAI Area 8",18.7246333921917,"kg CO2eq / kg prim alu"
2019,"UN-EUROPE",8.43881554877374,"kg CO2eq / kg prim alu"
2019,"UN-OCEANIA",20.4653722639196,"kg CO2eq / kg prim alu"
2020,"CA-QC",7.2802904129253,"kg CO2eq / kg prim alu"
2020,"CN",24.0768919486278,"kg CO2eq / kg prim alu"
2020,"IAI Area 1",14.0505613107521,"kg CO2eq / kg prim alu"
2020,"IAI Area 2, without Quebec",19.4979685746677,"kg CO2eq / kg prim alu"
2020,"IAI Area 3",12.0758165708381,"kg CO2eq / kg prim alu"
2020,"IAI Area 4&5 without China",27.851226810363,"kg CO2eq / kg prim alu"
2020,"IAI Area 8",18.6879745197334,"kg CO2eq / kg prim alu"
2020,"UN-EUROPE",8.4350086676091,"kg CO2eq / kg prim alu"
2020,"UN-OCEANIA",20.4168768548767,"kg CO2eq / kg prim alu"
2021,"CA-QC",7.27973558577818,"kg CO2eq / kg prim alu"
2021,"CN",23.9885840736738,"kg CO2eq / kg prim alu"
2021,"IAI Area 1",14.0247347896674,"kg CO2eq / kg prim alu"
2021,"IAI Area 2, without Quebec",19.4479295831227,"kg CO2eq / kg prim alu"
2021,"IAI Area 3",12.061154699882,"kg CO2eq / kg prim alu"
2021,"IAI Area 4&5 without China",27.8204333173715,"kg CO2eq / kg prim alu"
2021,"IAI Area 8",18.6514245145227,"kg CO2eq / kg prim alu"
2021,"UN-EUROPE",8.43120927081268,"kg CO2eq / kg prim alu"
2021,"UN-OCEANIA",20.3685485166843,"kg CO2eq / kg prim alu"
2022,"CA-QC",7.27918288743596,"kg CO2eq / kg prim alu"
2022,"CN",23.9007177380944,"kg CO2eq / kg prim alu"
2022,"IAI Area 1",13.998994961945,"kg CO2eq / kg prim alu"
2022,"IAI Area 2, without Quebec",19.3980825851579,"kg CO2eq / kg prim alu"
2022,"IAI Area 3",12.0465313924622,"kg CO2eq / kg prim alu"
2022,"IAI Area 4&5 without China",27.7896840956372,"kg CO2eq / kg prim alu"
2022,"IAI Area 8",18.6149830532525,"kg CO2eq / kg prim alu"
2022,"UN-EUROPE",8.42741734367016,"kg CO2eq / kg prim alu"
2022,"UN-OCEANIA",20.3203866737691,"kg CO2eq / kg prim alu"
2023,"CA-QC",7.27863230973068,"kg CO2eq / kg prim alu"
2023,"CN",23.8132907341931,"kg CO2eq / kg prim alu"
2023,"IAI Area 1",13.9733415365766,"kg CO2eq / kg prim alu"
2023,"IAI Area 2, without Quebec",19.3484268441175,"kg CO2eq / kg prim alu"
2023,"IAI Area 3",12.0319465471491,"kg CO2eq / kg prim alu"
2023,"IAI Area 4&5 without China",27.7589790815121,"kg CO2eq / kg prim alu"
2023,"IAI Area 8",18.5786498135758,"kg CO2eq / kg prim alu"
2023,"UN-EUROPE",8.42363287149611,"kg CO2eq / kg prim alu"
2023,"UN-OCEANIA",20.2723907525404,"kg CO2eq / kg prim alu"
2024,"CA-QC",7.2780838445257,"kg CO2eq / kg prim alu"
2024,"CN",23.7263008653112,"kg CO2eq / kg prim alu"
2024,"IAI Area 1",13.9477742235304,"kg CO2eq / kg prim alu"
2024,"IAI Area 2, without Quebec",19.2989616261713,"kg CO2eq / kg prim alu"
2024,"IAI Area 3",12.01740006278,"kg CO2eq / kg prim alu"
2024,"IAI Area 4&5 without China",27.7283182114399,"kg CO2eq / kg prim alu"
2024,"IAI Area 8",18.5424244741027,"kg CO2eq / kg prim alu"
2024,"UN-EUROPE",8.41985583963399,"kg CO2eq / kg prim alu"
2024,"UN-OCEANIA",20.2245601813838,"kg CO2eq / kg prim alu"
2025,"CA-QC",7.27753748371561,"kg CO2eq / kg prim alu"
2025,"CN",23.6397459457737,"kg CO2eq / kg prim alu"
2025,"IAI Area 1",13.9222927337482,"kg CO2eq / kg prim alu"
2025,"IAI Area 2, without Quebec",19.2496862003054,"kg CO2eq / kg prim alu"
2025,"IAI Area 3",12.0028918384582,"kg CO2eq / kg prim alu"
2025,"IAI Area 4&5 without China",27.6977014219551,"kg CO2eq / kg prim alu"
2025,"IAI Area 8",18.5063067143979,"kg CO2eq / kg prim alu"
2025,"UN-EUROPE",8.41608623345607,"kg CO2eq / kg prim alu"
2025,"UN-OCEANIA",20.1768943906541,"kg CO2eq / kg prim alu"
2026,"CA-QC",7.27699321922612,"kg CO2eq / kg prim alu"
2026,"CN",23.5536238008339,"kg CO2eq / kg prim alu"
2026,"IAI Area 1",13.896896779142,"kg CO2eq / kg prim alu"
2026,"IAI Area 2, without Quebec",19.2005998383103,"kg CO2eq / kg prim alu"
2026,"IAI Area 3",11.9884217735524,"kg CO2eq / kg prim alu"
2026,"IAI Area 4&5 without China",27.6671286496842,"kg CO2eq / kg prim alu"
2026,"IAI Area 8",18.4702962149777,"kg CO2eq / kg prim alu"
2026,"UN-EUROPE",8.41232403836337,"kg CO2eq / kg prim alu"
2026,"UN-OCEANIA",20.1293928126687,"kg CO2eq / kg prim alu"
2027,"CA-QC",7.27645104301388,"kg CO2eq / kg prim alu"
2027,"CN",23.4679322666189,"kg CO2eq / kg prim alu"
2027,"IAI Area 1",13.8715860725912,"kg CO2eq / kg prim alu"
2027,"IAI Area 2, without Quebec",19.1517018147709,"kg CO2eq / kg prim alu"
2027,"IAI Area 3",11.9739897676962,"kg CO2eq / kg prim alu"
2027,"IAI Area 4&5 without China",27.6365998313441,"kg CO2eq / kg prim alu"
2027,"IAI Area 8",18.4343926573071,"kg CO2eq / kg prim alu"
2027,"UN-EUROPE",8.40856923978563,"kg CO2eq / kg prim alu"
2027,"UN-OCEANIA",20.0820548817003,"kg CO2eq / kg prim alu"
2028,"CA-QC",7.27591094706643,"kg CO2eq / kg prim alu"
2028,"CN",23.3826691900749,"kg CO2eq / kg prim alu"
2028,"IAI Area 1",13.8463603279386,"kg CO2eq / kg prim alu"
2028,"IAI Area 2, without Quebec",19.1029914070552,"kg CO2eq / kg prim alu"
2028,"IAI Area 3",11.9595957207867,"kg CO2eq / kg prim alu"
2028,"IAI Area 4&5 without China",27.6061149037434,"kg CO2eq / kg prim alu"
2028,"IAI Area 8",18.3985957237972,"kg CO2eq / kg prim alu"
2028,"UN-EUROPE",8.4048218231812,"kg CO2eq / kg prim alu"
2028,"UN-OCEANIA",20.0348800339711,"kg CO2eq / kg prim alu"
2029,"CA-QC",7.27537292340204,"kg CO2eq / kg prim alu"
2029,"CN",23.2978324289136,"kg CO2eq / kg prim alu"
2029,"IAI Area 1",13.8212192599878,"kg CO2eq / kg prim alu"
2029,"IAI Area 2, without Quebec",19.0544678953038,"kg CO2eq / kg prim alu"
2029,"IAI Area 3",11.9452395329849,"kg CO2eq / kg prim alu"
2029,"IAI Area 4&5 without China",27.5756738037808,"kg CO2eq / kg prim alu"
2029,"IAI Area 8",18.3629050978022,"kg CO2eq / kg prim alu"
2029,"UN-EUROPE",8.40108177403708,"kg CO2eq / kg prim alu"
2029,"UN-OCEANIA",19.9878677076452,"kg CO2eq / kg prim alu"
2030,"CA-QC",7.27483696406962,"kg CO2eq / kg prim alu"
2030,"CN",23.2134198515582,"kg CO2eq / kg prim alu"
2030,"IAI Area 1",13.7961625844998,"kg CO2eq / kg prim alu"
2030,"IAI Area 2, without Quebec",19.0061305624195,"kg CO2eq / kg prim alu"
2030,"IAI Area 3",11.9309211047138,"kg CO2eq / kg prim alu"
2030,"IAI Area 4&5 without China",27.5452764684464,"kg CO2eq / kg prim alu"
2030,"IAI Area 8",18.3273204636164,"kg CO2eq / kg prim alu"
2030,"UN-EUROPE",8.39734907786874,"kg CO2eq / kg prim alu"
2030,"UN-OCEANIA",19.9410173428225,"kg CO2eq / kg prim alu"
2031,"CA-QC",7.27430306114857,"kg CO2eq / kg prim alu"
2031,"CN",23.1294293370894,"kg CO2eq / kg prim alu"
2031,"IAI Area 1",13.7711900181893,"kg CO2eq / kg prim alu"
2031,"IAI Area 2, without Quebec",18.9579786940563,"kg CO2eq / kg prim alu"
2031,"IAI Area 3",11.9166403366587,"kg CO2eq / kg prim alu"
2031,"IAI Area 4&5 without China",27.5149228348205,"kg CO2eq / kg prim alu"
2031,"IAI Area 8",18.2918415064721,"kg CO2eq / kg prim alu"
2031,"UN-EUROPE",8.39362372022016,"kg CO2eq / kg prim alu"
2031,"UN-OCEANIA",19.8943283815318,"kg CO2eq / kg prim alu"
2032,"CA-QC",7.27377120674868,"kg CO2eq / kg prim alu"
2032,"CN",23.0458587751931,"kg CO2eq / kg prim alu"
2032,"IAI Area 1",13.7463012787224,"kg CO2eq / kg prim alu"
2032,"IAI Area 2, without Quebec",18.9100115786092,"kg CO2eq / kg prim alu"
2032,"IAI Area 3",11.9023971297661,"kg CO2eq / kg prim alu"
2032,"IAI Area 4&5 without China",27.4846128400736,"kg CO2eq / kg prim alu"
2032,"IAI Area 8",18.2564679125362,"kg CO2eq / kg prim alu"
2032,"UN-EUROPE",8.38990568666373,"kg CO2eq / kg prim alu"
2032,"UN-OCEANIA",19.8478002677238,"kg CO2eq / kg prim alu"
2033,"CA-QC",7.27324139301003,"kg CO2eq / kg prim alu"
2033,"CN",22.9627060661062,"kg CO2eq / kg prim alu"
2033,"IAI Area 1",13.7214960847128,"kg CO2eq / kg prim alu"
2033,"IAI Area 2, without Quebec",18.8622285072037,"kg CO2eq / kg prim alu"
2033,"IAI Area 3",11.8881913852427,"kg CO2eq / kg prim alu"
2033,"IAI Area 4&5 without China",27.4543464214671,"kg CO2eq / kg prim alu"
2033,"IAI Area 8",18.2211993689074,"kg CO2eq / kg prim alu"
2033,"UN-EUROPE",8.38619496280021,"kg CO2eq / kg prim alu"
2033,"UN-OCEANIA",19.8014324472652,"kg CO2eq / kg prim alu"
2034,"CA-QC",7.27271361210286,"kg CO2eq / kg prim alu"
2034,"CN",22.8799691205648,"kg CO2eq / kg prim alu"
2034,"IAI Area 1",13.6967741557185,"kg CO2eq / kg prim alu"
2034,"IAI Area 2, without Quebec",18.8146287736848,"kg CO2eq / kg prim alu"
2034,"IAI Area 3",11.8740230045555,"kg CO2eq / kg prim alu"
2034,"IAI Area 4&5 without China",27.4241235163525,"kg CO2eq / kg prim alu"
2034,"IAI Area 8",18.186035563614,"kg CO2eq / kg prim alu"
2034,"UN-EUROPE",8.38249153425867,"kg CO2eq / kg prim alu"
2034,"UN-OCEANIA",19.7552243679317,"kg CO2eq / kg prim alu"
2035,"CA-QC",7.27218785622741,"kg CO2eq / kg prim alu"
2035,"CN",22.7976458597511,"kg CO2eq / kg prim alu"
2035,"IAI Area 1",13.6721352122391,"kg CO2eq / kg prim alu"
2035,"IAI Area 2, without Quebec",18.7672116746072,"kg CO2eq / kg prim alu"
2035,"IAI Area 3",11.8598918894302,"kg CO2eq / kg prim alu"
2035,"IAI Area 4&5 without China",27.3939440621711,"kg CO2eq / kg prim alu"
2035,"IAI Area 8",18.1509761856103,"kg CO2eq / kg prim alu"
2035,"UN-EUROPE",8.37879538669642,"kg CO2eq / kg prim alu"
2035,"UN-OCEANIA",19.7091754794014,"kg CO2eq / kg prim alu"
2036,"CA-QC",7.27166411761391,"kg CO2eq / kg prim alu"
2036,"CN",22.7157342152413,"kg CO2eq / kg prim alu"
2036,"IAI Area 1",13.6475789757124,"kg CO2eq / kg prim alu"
2036,"IAI Area 2, without Quebec",18.7199765092246,"kg CO2eq / kg prim alu"
2036,"IAI Area 3",11.8457979418515,"kg CO2eq / kg prim alu"
2036,"IAI Area 4&5 without China",27.3638079964542,"kg CO2eq / kg prim alu"
2036,"IAI Area 8",18.1160209247749,"kg CO2eq / kg prim alu"
2036,"UN-EUROPE",8.375106505799,"kg CO2eq / kg prim alu"
2036,"UN-OCEANIA",19.6632852332484,"kg CO2eq / kg prim alu"
2037,"CA-QC",7.27114238852235,"kg CO2eq / kg prim alu"
2037,"CN",22.6342321289543,"kg CO2eq / kg prim alu"
2037,"IAI Area 1",13.6231051685112,"kg CO2eq / kg prim alu"
2037,"IAI Area 2, without Quebec",18.6729225794793,"kg CO2eq / kg prim alu"
2037,"IAI Area 3",11.8317410640614,"kg CO2eq / kg prim alu"
2037,"IAI Area 4&5 without China",27.333715256823,"kg CO2eq / kg prim alu"
2037,"IAI Area 8",18.081169471907,"kg CO2eq / kg prim alu"
2037,"UN-EUROPE",8.37142487728004,"kg CO2eq / kg prim alu"
2037,"UN-OCEANIA",19.6175530829359,"kg CO2eq / kg prim alu"
2038,"CA-QC",7.27062266124244,"kg CO2eq / kg prim alu"
2038,"CN",22.5531375530986,"kg CO2eq / kg prim alu"
2038,"IAI Area 1",13.5987135139404,"kg CO2eq / kg prim alu"
2038,"IAI Area 2, without Quebec",18.626049189992,"kg CO2eq / kg prim alu"
2038,"IAI Area 3",11.8177211585593,"kg CO2eq / kg prim alu"
2038,"IAI Area 4&5 without China",27.3036657809886,"kg CO2eq / kg prim alu"
2038,"IAI Area 8",18.0464215187242,"kg CO2eq / kg prim alu"
2038,"UN-EUROPE",8.36775048688132,"kg CO2eq / kg prim alu"
2038,"UN-OCEANIA",19.5719784838101,"kg CO2eq / kg prim alu"
2039,"CA-QC",7.27010492809347,"kg CO2eq / kg prim alu"
2039,"CN",22.4724484501221,"kg CO2eq / kg prim alu"
2039,"IAI Area 1",13.5744037362334,"kg CO2eq / kg prim alu"
2039,"IAI Area 2, without Quebec",18.5793556480514,"kg CO2eq / kg prim alu"
2039,"IAI Area 3",11.803738128101,"kg CO2eq / kg prim alu"
2039,"IAI Area 4&5 without China",27.273659506751,"kg CO2eq / kg prim alu"
2039,"IAI Area 8",18.0117767578593,"kg CO2eq / kg prim alu"
2039,"UN-EUROPE",8.3640833203726,"kg CO2eq / kg prim alu"
2039,"UN-OCEANIA",19.5265608930938,"kg CO2eq / kg prim alu"
2040,"CA-QC",7.2695891814242,"kg CO2eq / kg prim alu"
2040,"CN",22.3921627926606,"kg CO2eq / kg prim alu"
2040,"IAI Area 1",13.5501755605495,"kg CO2eq / kg prim alu"
2040,"IAI Area 2, without Quebec",18.5328412636043,"kg CO2eq / kg prim alu"
2040,"IAI Area 3",11.789791875698,"kg CO2eq / kg prim alu"
2040,"IAI Area 4&5 without China",27.2436963720003,"kg CO2eq / kg prim alu"
2040,"IAI Area 8",17.9772348828584,"kg CO2eq / kg prim alu"
2040,"UN-EUROPE",8.36042336355164,"kg CO2eq / kg prim alu"
2040,"UN-OCEANIA",19.4812997698795,"kg CO2eq / kg prim alu"
2041,"CA-QC",7.26907541361275,"kg CO2eq / kg prim alu"
2041,"CN",22.3122785634865,"kg CO2eq / kg prim alu"
2041,"IAI Area 1",13.5260287129705,"kg CO2eq / kg prim alu"
2041,"IAI Area 2, without Quebec",18.4865053492448,"kg CO2eq / kg prim alu"
2041,"IAI Area 3",11.7758823046171,"kg CO2eq / kg prim alu"
2041,"IAI Area 4&5 without China",27.2137763147154,"kg CO2eq / kg prim alu"
2041,"IAI Area 8",17.9427955881773,"kg CO2eq / kg prim alu"
2041,"UN-EUROPE",8.35677060224413,"kg CO2eq / kg prim alu"
2041,"UN-OCEANIA",19.4361945751232,"kg CO2eq / kg prim alu"
2042,"CA-QC",7.26856361706648,"kg CO2eq / kg prim alu"
2042,"CN",22.2327937554581,"kg CO2eq / kg prim alu"
2042,"IAI Area 1",13.5019629204978,"kg CO2eq / kg prim alu"
2042,"IAI Area 2, without Quebec",18.4403472202048,"kg CO2eq / kg prim alu"
2042,"IAI Area 3",11.7620093183792,"kg CO2eq / kg prim alu"
2042,"IAI Area 4&5 without China",27.1838992729649,"kg CO2eq / kg prim alu"
2042,"IAI Area 8",17.9084585691794,"kg CO2eq / kg prim alu"
2042,"UN-EUROPE",8.35312502230359,"kg CO2eq / kg prim alu"
2042,"UN-OCEANIA",19.391244771638,"kg CO2eq / kg prim alu"
2043,"CA-QC",7.26805378422188,"kg CO2eq / kg prim alu"
2043,"CN",22.1537063714699,"kg CO2eq / kg prim alu"
2043,"IAI Area 1",13.4779779110489,"kg CO2eq / kg prim alu"
2043,"IAI Area 2, without Quebec",18.3943661943435,"kg CO2eq / kg prim alu"
2043,"IAI Area 3",11.7481728207592,"kg CO2eq / kg prim alu"
2043,"IAI Area 4&5 without China",27.154065184906,"kg CO2eq / kg prim alu"
2043,"IAI Area 8",17.8742235221326,"kg CO2eq / kg prim alu"
2043,"UN-EUROPE",8.3494866096114,"kg CO2eq / kg prim alu"
2043,"UN-OCEANIA",19.3464498240875,"kg CO2eq / kg prim alu"
2044,"CA-QC",7.26754590754447,"kg CO2eq / kg prim alu"
2044,"CN",22.0750144244017,"kg CO2eq / kg prim alu"
2044,"IAI Area 1",13.4540734134549,"kg CO2eq / kg prim alu"
2044,"IAI Area 2, without Quebec",18.3485615921373,"kg CO2eq / kg prim alu"
2044,"IAI Area 3",11.7343727157851,"kg CO2eq / kg prim alu"
2044,"IAI Area 4&5 without China",27.1242739887849,"kg CO2eq / kg prim alu"
2044,"IAI Area 8",17.840090144207,"kg CO2eq / kg prim alu"
2044,"UN-EUROPE",8.34585535007666,"kg CO2eq / kg prim alu"
2044,"UN-OCEANIA",19.3018091989799,"kg CO2eq / kg prim alu"
2045,"CA-QC",7.26703997952866,"kg CO2eq / kg prim alu"
2045,"CN",21.9967159370687,"kg CO2eq / kg prim alu"
2045,"IAI Area 1",13.430249157457,"kg CO2eq / kg prim alu"
2045,"IAI Area 2, without Quebec",18.3029327366698,"kg CO2eq / kg prim alu"
2045,"IAI Area 3",11.7206089077371,"kg CO2eq / kg prim alu"
2045,"IAI Area 4&5 without China",27.0945256229366,"kg CO2eq / kg prim alu"
2045,"IAI Area 8",17.806058133472,"kg CO2eq / kg prim alu"
2045,"UN-EUROPE",8.3422312296362,"kg CO2eq / kg prim alu"
2045,"UN-OCEANIA",19.2573223646608,"kg CO2eq / kg prim alu"
2046,"CA-QC",7.26653599269768,"kg CO2eq / kg prim alu"
2046,"CN",21.9188089421725,"kg CO2eq / kg prim alu"
2046,"IAI Area 1",13.4065048737037,"kg CO2eq / kg prim alu"
2046,"IAI Area 2, without Quebec",18.2574789536221,"kg CO2eq / kg prim alu"
2046,"IAI Area 3",11.7068813011474,"kg CO2eq / kg prim alu"
2046,"IAI Area 4&5 without China",27.0648200257849,"kg CO2eq / kg prim alu"
2046,"IAI Area 8",17.7721271888935,"kg CO2eq / kg prim alu"
2046,"UN-EUROPE",8.33861423425449,"kg CO2eq / kg prim alu"
2046,"UN-OCEANIA",19.212988791308,"kg CO2eq / kg prim alu"
2047,"CA-QC",7.26603393960344,"kg CO2eq / kg prim alu"
2047,"CN",21.8412914822507,"kg CO2eq / kg prim alu"
2047,"IAI Area 1",13.3828402937475,"kg CO2eq / kg prim alu"
2047,"IAI Area 2, without Quebec",18.2121995712623,"kg CO2eq / kg prim alu"
2047,"IAI Area 3",11.6931898007993,"kg CO2eq / kg prim alu"
2047,"IAI Area 4&5 without China",27.035157135842,"kg CO2eq / kg prim alu"
2047,"IAI Area 8",17.7382970103316,"kg CO2eq / kg prim alu"
2047,"UN-EUROPE",8.33500434992357,"kg CO2eq / kg prim alu"
2047,"UN-OCEANIA",19.1688079509244,"kg CO2eq / kg prim alu"
2048,"CA-QC",7.26553381282642,"kg CO2eq / kg prim alu"
2048,"CN",21.7641616096286,"kg CO2eq / kg prim alu"
2048,"IAI Area 1",13.3592551500423,"kg CO2eq / kg prim alu"
2048,"IAI Area 2, without Quebec",18.167093920436,"kg CO2eq / kg prim alu"
2048,"IAI Area 3",11.6795343117263,"kg CO2eq / kg prim alu"
2048,"IAI Area 4&5 without China",27.0055368917082,"kg CO2eq / kg prim alu"
2048,"IAI Area 8",17.7045672985375,"kg CO2eq / kg prim alu"
2048,"UN-EUROPE",8.33140156266305,"kg CO2eq / kg prim alu"
2048,"UN-OCEANIA",19.1247793173315,"kg CO2eq / kg prim alu"
2049,"CA-QC",7.26503560497557,"kg CO2eq / kg prim alu"
2049,"CN",21.6874173863695,"kg CO2eq / kg prim alu"
2049,"IAI Area 1",13.3357491759396,"kg CO2eq / kg prim alu"
2049,"IAI Area 2, without Quebec",18.1221613345563,"kg CO2eq / kg prim alu"
2049,"IAI Area 3",11.6659147392119,"kg CO2eq / kg prim alu"
2049,"IAI Area 4&5 without China",26.9759592320727,"kg CO2eq / kg prim alu"
2049,"IAI Area 8",17.6709377551513,"kg CO2eq / kg prim alu"
2049,"UN-EUROPE",8.32780585852003,"kg CO2eq / kg prim alu"
2049,"UN-OCEANIA",19.080902366164,"kg CO2eq / kg prim alu"
2050,"CA-QC",7.2645393086882,"kg CO2eq / kg prim alu"
2050,"CN",21.6110568842268,"kg CO2eq / kg prim alu"
2050,"IAI Area 1",13.3123221056865,"kg CO2eq / kg prim alu"
2050,"IAI Area 2, without Quebec",18.0774011495938,"kg CO2eq / kg prim alu"
2050,"IAI Area 3",11.6523309887887,"kg CO2eq / kg prim alu"
2050,"IAI Area 4&5 without China",26.9464240957125,"kg CO2eq / kg prim alu"
2050,"IAI Area 8",17.6374080826991,"kg CO2eq / kg prim alu"
2050,"UN-EUROPE",8.32421722356899,"kg CO2eq / kg prim alu"
2050,"UN-OCEANIA",19.0371765748627,"kg CO2eq / kg prim alu"
