"Year","Technology","Size","Adj_stock","Survival_rate_mdl","AEO","Rel_value","Value","Case","Scenario"
2020,"FCV","Light truck","y",1,"REF_BAU",0.00408897158184195,10094,"REF","No Change"
2020,"FCV","Car","y",1,"REF_BAU",0.00414892480099319,10242,"REF","No Change"
2030,"FCV","Light truck","y",1,"REF_BAU",0.00876656395358047,22701,"REF","No Change"
2030,"FCV","Car","y",1,"REF_BAU",0.009631982649672,24942,"REF","No Change"
2020,"FCV","Car","y",1,"REF_EV",0.00978691730466515,24156,"REF","High EV"
2020,"FCV","Light truck","y",1,"REF",0.00980991322387251,24192,"REF","Original"
2020,"FCV","Car","y",1,"REF",0.00991696584833937,24456,"REF","Original"
2050,"FCV","Light truck","y",1,"REF_BAU",0.00992102005947214,28195,"REF","No Change"
2040,"FCV","Light truck","y",1,"REF_BAU",0.00992907027178806,26740,"REF","No Change"
2020,"FCV","Light truck","y",1,"REF_EV",0.00993479877577803,24521,"REF","High EV"
2040,"FCV","Car","y",1,"REF_BAU",0.0117786102502389,31721,"REF","No Change"
2050,"FCV","Car","y",1,"REF_BAU",0.0122454839187689,34801,"REF","No Change"
2020,"BEV","Light truck","y",1,"REF_BAU",0.0122883844794111,30335,"REF","No Change"
2020,"BEV","Light truck","y",1,"REF_BAU",0.0140169006018323,34602,"REF","No Change"
2020,"PHEV","Light truck","y",1,"REF_BAU",0.0177639767987847,43852,"REF","No Change"
2020,"BEV","Light truck","y",1,"REF",0.0203639232882628,50219,"REF","Original"
2020,"BEV","Light truck","y",1,"REF",0.023284351323908,57421,"REF","Original"
2020,"BEV","Light truck","y",1,"REF_EV",0.0236509065101767,58375,"REF","High EV"
2030,"BEV","Light truck","y",1,"REF_BAU",0.0254979920780167,66027,"REF","No Change"
2020,"BEV","Light truck","y",1,"REF_EV",0.0261746152322647,64604,"REF","High EV"
2030,"BEV","Light truck","y",1,"REF_BAU",0.0286236944100849,74121,"REF","No Change"
2050,"BEV","Light truck","y",1,"REF_BAU",0.0286275704911699,81358,"REF","No Change"
2040,"BEV","Light truck","y",1,"REF_BAU",0.0287003600791816,77293,"REF","No Change"
2020,"PHEV","Light truck","y",1,"REF",0.0302861606673524,74688,"REF","Original"
2020,"PHEV","Light truck","y",1,"REF_EV",0.0308112057950478,76048,"REF","High EV"
2050,"BEV","Light truck","y",1,"REF_BAU",0.0321012470305247,91230,"REF","No Change"
2020,"PHEV","Light truck","y",1,"REF_BAU",0.0321138608204976,79276,"REF","No Change"
2040,"BEV","Light truck","y",1,"REF_BAU",0.03219113007264,86694,"REF","No Change"
2030,"PHEV","Light truck","y",1,"REF_BAU",0.0373381247072743,96687,"REF","No Change"
2020,"CNG","Car","y",1,"REF",0.041051842966484,101237,"REF","Original"
2050,"PHEV","Light truck","y",1,"REF_BAU",0.0420658991697051,119549,"REF","No Change"
2040,"PHEV","Light truck","y",1,"REF_BAU",0.0421395089328399,113486,"REF","No Change"
2030,"CNG","Car","y",1,"REF",0.0510199254442396,132116,"REF","Original"
2020,"PHEV","Light truck","y",1,"REF",0.0525689211487107,129639,"REF","Original"
2020,"PHEV","Light truck","y",1,"REF_EV",0.0534828533581565,132006,"REF","High EV"
2040,"CNG","Car","y",1,"REF",0.0572458756681992,154169,"REF","Original"
2050,"CNG","Car","y",1,"REF",0.0615173589869307,174829,"REF","Original"
2030,"PHEV","Light truck","y",1,"REF_BAU",0.0658019425710934,170394,"REF","No Change"
2020,"BEV","Car","y",1,"REF_BAU",0.0733248124685585,181009,"REF","No Change"
2050,"PHEV","Light truck","y",1,"REF_BAU",0.0735109056465531,208914,"REF","No Change"
2040,"PHEV","Light truck","y",1,"REF_BAU",0.0737662341134411,198660,"REF","No Change"
2050,"ICEV-D","Car","y",1,"REF_BAU",0.0742600403054151,211043,"REF","No Change"
2030,"CNG","Light truck","y",1,"REF",0.0745831788793357,193133,"REF","Original"
2040,"CNG","Light truck","y",1,"REF",0.0746763311788181,201111,"REF","Original"
2020,"CNG","Light truck","y",1,"REF",0.0788815641374616,194528,"REF","Original"
2050,"CNG","Light truck","y",1,"REF",0.0788857408892175,224189,"REF","Original"
2020,"CNG","Car","y",1,"REF_EV",0.0792960705843042,195718,"REF","High EV"
2050,"FCV","Car","y",1,"REF_EV",0.0819199299364538,232812,"REF","High EV"
2020,"PHEV","Car","y",1,"REF_BAU",0.0904835858253706,223367,"REF","No Change"
2040,"ICEV-D","Car","y",1,"REF_BAU",0.0912490469633513,245743,"REF","No Change"
2050,"CNG","Car","y",1,"REF_EV",0.0923205505619444,262370,"REF","High EV"
2020,"CNG","Car","y",1,"REF_BAU",0.0924741947369191,228281,"REF","No Change"
2030,"FCV","Car","y",1,"REF_EV",0.0926382368308996,239527,"REF","High EV"
2020,"PHEV","Car","y",1,"REF",0.0927100058024955,228630,"REF","Original"
2020,"PHEV","Car","y",1,"REF_EV",0.0941263537859917,232322,"REF","High EV"
2040,"FCV","Car","y",1,"REF_EV",0.0959837324256901,258494,"REF","High EV"
2030,"FCV","Light truck","y",1,"REF",0.0974161749722852,252259,"REF","Original"
2030,"FCV","Light truck","y",1,"REF_EV",0.0987903467528253,255434,"REF","High EV"
2030,"BEV","Light truck","y",1,"REF",0.0990929477801123,256601,"REF","Original"
2030,"FCV","Car","y",1,"REF",0.100440699299992,260091,"REF","Original"
2050,"FCV","Light truck","y",1,"REF_EV",0.102837640685609,292259,"REF","High EV"
2020,"PHEV","Car","y",1,"REF",0.103234008691846,254583,"REF","Original"
2020,"PHEV","Car","y",1,"REF_EV",0.104381629941634,257634,"REF","High EV"
2040,"FCV","Light truck","y",1,"REF_EV",0.117450797513183,316307,"REF","High EV"
2040,"CNG","Car","y",1,"REF_EV",0.117857391813268,317402,"REF","High EV"
2040,"BEV","Light truck","y",1,"REF",0.124716019422225,335873,"REF","Original"
2020,"BEV","Car","y",1,"REF_BAU",0.126797817790322,313012,"REF","No Change"
2020,"PHEV","Car","y",1,"REF_BAU",0.126800248326234,313018,"REF","No Change"
2030,"PHEV","Car","y",1,"REF_BAU",0.127475285731248,330097,"REF","No Change"
2020,"BEV","Car","y",1,"REF",0.129896600221941,320335,"REF","Original"
2040,"PHEV","Car","y",1,"REF_BAU",0.135255176549006,364256,"REF","No Change"
2050,"PHEV","Car","y",1,"REF_BAU",0.136333007379413,387451,"REF","No Change"
2030,"BEV","Car","y",1,"REF_BAU",0.144982539897829,375432,"REF","No Change"
2020,"CNG","Light truck","y",1,"REF_EV",0.146027483135313,360424,"REF","High EV"
2030,"CNG","Car","y",1,"REF_EV",0.146250198695321,378147,"REF","High EV"
2050,"PHEV","Light truck","y",1,"REF_EV",0.149620024947767,425212,"REF","High EV"
2040,"FCV","Light truck","y",1,"REF",0.149716554957023,403202,"REF","Original"
2030,"PHEV","Light truck","y",1,"REF",0.150751220863997,390370,"REF","Original"
2030,"PHEV","Light truck","y",1,"REF_EV",0.153058244898606,395750,"REF","High EV"
2020,"CNG","Light truck","y",1,"REF_BAU",0.15644468466061,386198,"REF","No Change"
2040,"FCV","Car","y",1,"REF",0.157748927110014,424834,"REF","Original"
2050,"FCV","Light truck","y",1,"REF",0.162677627419918,462321,"REF","Original"
2040,"PHEV","Light truck","y",1,"REF_EV",0.169919285535912,457610,"REF","High EV"
2040,"BEV","Car","y",1,"REF_BAU",0.171126820628152,460862,"REF","No Change"
2050,"FCV","Car","y",1,"REF",0.172294278096366,489651,"REF","Original"
2030,"ICEV-D","Car","y",1,"REF_BAU",0.176240335568976,456374,"REF","No Change"
2050,"BEV","Car","y",1,"REF_BAU",0.176639548496365,502000,"REF","No Change"
2050,"BEV","Light truck","y",1,"REF",0.181405289291583,515544,"REF","Original"
2050,"CNG","Light truck","y",1,"REF_EV",0.183938765418886,522744,"REF","High EV"
2030,"BEV","Car","y",1,"REF_BAU",0.191913257381058,496959,"REF","No Change"
2020,"BEV","Car","y",1,"REF_EV",0.195346156328817,482152,"REF","High EV"
2020,"ICEV-D","Light truck","y",1,"REF_BAU",0.201353696698074,497060,"REF","No Change"
2030,"CNG","Car","y",1,"REF_BAU",0.202288241178111,523825,"REF","No Change"
2040,"BEV","Car","y",1,"REF_BAU",0.209577275217304,564413,"REF","No Change"
2050,"BEV","Car","y",1,"REF_BAU",0.212771836697357,604686,"REF","No Change"
2040,"PHEV","Light truck","y",1,"REF",0.215683970803174,580859,"REF","Original"
2030,"BEV","Light truck","y",1,"REF",0.217221630709055,562495,"REF","Original"
2020,"BEV","Car","y",1,"REF",0.220357284403536,543418,"REF","Original"
2030,"PHEV","Car","y",1,"REF_EV",0.226009884681297,584375,"REF","High EV"
2050,"PHEV","Car","y",1,"REF_EV",0.22994280971137,653485,"REF","High EV"
2040,"CNG","Light truck","y",1,"REF_EV",0.233832567638289,629735,"REF","High EV"
2050,"PHEV","Light truck","y",1,"REF",0.237529512350306,675046,"REF","Original"
2030,"PHEV","Car","y",1,"REF",0.246578670978751,638515,"REF","Original"
2040,"CNG","Car","y",1,"REF_BAU",0.246670930151516,664310,"REF","No Change"
2020,"HEV","Light truck","y",1,"REF",0.247019875933632,609170,"REF","Original"
2020,"HEV","Light truck","y",1,"REF_EV",0.249092360251969,614808,"REF","High EV"
2030,"PHEV","Light truck","y",1,"REF",0.253811732860511,657245,"REF","Original"
2020,"HEV","Light truck","y",1,"REF_BAU",0.255692782982982,631201,"REF","No Change"
2050,"CNG","Car","y",1,"REF_BAU",0.256704062889422,729539,"REF","No Change"
2030,"PHEV","Light truck","y",1,"REF_EV",0.257652235423885,666190,"REF","High EV"
2030,"PHEV","Car","y",1,"REF_BAU",0.257783939143541,667531,"REF","No Change"
2050,"PHEV","Light truck","y",1,"REF_EV",0.257923990872465,733006,"REF","High EV"
2050,"HEV","Light truck","y",1,"REF_EV",0.26363732997173,749243,"REF","High EV"
2030,"CNG","Light truck","y",1,"REF_EV",0.267583327306403,691868,"REF","High EV"
2040,"PHEV","Car","y",1,"REF_EV",0.27421759290909,738496,"REF","High EV"
2040,"PHEV","Car","y",1,"REF_EV",0.278648171163531,750428,"REF","High EV"
2040,"PHEV","Light truck","y",1,"REF_EV",0.287971991140819,775538,"REF","High EV"
2030,"PHEV","Car","y",1,"REF_EV",0.287997023534421,744650,"REF","High EV"
2050,"PHEV","Car","y",1,"REF_EV",0.295682979934674,840315,"REF","High EV"
2030,"ICEV-D","Light truck","y",1,"REF_BAU",0.301169181816945,779877,"REF","No Change"
2020,"ICEV-D","Light truck","y",1,"REF",0.302370137806654,745668,"REF","Original"
2040,"HEV","Light truck","y",1,"REF_EV",0.305526096653614,822813,"REF","High EV"
2040,"PHEV","Car","y",1,"REF_BAU",0.308375608930683,830487,"REF","No Change"
2020,"ICEV-D","Light truck","y",1,"REF_EV",0.309387079839772,763627,"REF","High EV"
2030,"PHEV","Car","y",1,"REF",0.310501096718318,804042,"REF","Original"
2030,"HEV","Light truck","y",1,"REF_BAU",0.312804255397731,810006,"REF","No Change"
2050,"HEV","Light truck","y",1,"REF_BAU",0.313576015687872,891166,"REF","No Change"
2020,"ICEV-D","Car","y",1,"REF_BAU",0.315186630846941,778067,"REF","No Change"
2050,"ICEV-D","Light truck","y",1,"REF_BAU",0.315450083885664,896492,"REF","No Change"
2030,"CNG","Light truck","y",1,"REF_BAU",0.316526598464053,819645,"REF","No Change"
2040,"HEV","Light truck","y",1,"REF_BAU",0.318468802203971,857669,"REF","No Change"
2050,"PHEV","Car","y",1,"REF_BAU",0.319638059794437,908394,"REF","No Change"
2040,"ICEV-D","Light truck","y",1,"REF_BAU",0.32137028893186,865483,"REF","No Change"
2030,"HEV","Light truck","y",1,"REF",0.33012111497591,854848,"REF","Original"
2030,"HEV","Light truck","y",1,"REF_EV",0.330293311035625,854012,"REF","High EV"
2020,"ICEV-D","Car","y",1,"REF",0.339102164074481,836252,"REF","Original"
2040,"BEV","Light truck","y",1,"REF",0.341252909920084,919029,"REF","Original"
2050,"CNG","Light truck","y",1,"REF_BAU",0.355647544803346,1010731,"REF","No Change"
2040,"CNG","Light truck","y",1,"REF_BAU",0.356449538248104,959955,"REF","No Change"
2020,"ICEV-D","Car","y",1,"REF_EV",0.357405611551629,882146,"REF","High EV"
2040,"PHEV","Light truck","y",1,"REF",0.366142421080171,986059,"REF","Original"
2030,"BEV","Car","y",1,"REF",0.380323507478148,984847,"REF","Original"
2050,"BEV","Light truck","y",1,"REF",0.390383588596236,1109449,"REF","Original"
2040,"HEV","Light truck","y",1,"REF",0.399372127826811,1075550,"REF","Original"
2050,"PHEV","Light truck","y",1,"REF",0.410393822429689,1166317,"REF","Original"
2020,"BEV","Car","y",1,"REF_EV",0.433832781596343,1070783,"REF","High EV"
2050,"HEV","Light truck","y",1,"REF",0.43680424869468,1241374,"REF","Original"
2040,"PHEV","Car","y",1,"REF",0.450313749870127,1212741,"REF","Original"
2050,"PHEV","Car","y",1,"REF",0.487465313377898,1385350,"REF","Original"
2040,"PHEV","Car","y",1,"REF",0.491228645524425,1322929,"REF","Original"
2040,"BEV","Car","y",1,"REF",0.562849764144311,1515812,"REF","Original"
2050,"ICEV-D","Car","y",1,"REF_EV",0.582998101452174,1656849,"REF","High EV"
2050,"PHEV","Car","y",1,"REF",0.645575295630198,1834690,"REF","Original"
2050,"BEV","Car","y",1,"REF",0.654732402004289,1860714,"REF","Original"
2050,"ICEV-D","Light truck","y",1,"REF_EV",0.656714145135049,1866346,"REF","High EV"
2030,"ICEV-D","Car","y",1,"REF_EV",0.762518965492569,1971582,"REF","High EV"
2040,"ICEV-D","Car","y",1,"REF_EV",0.780121529662415,2100947,"REF","High EV"
2040,"ICEV-D","Light truck","y",1,"REF_EV",0.8211118048959,2211338,"REF","High EV"
2030,"ICEV-D","Car","y",1,"REF",0.824837832474177,2135916,"REF","Original"
2030,"BEV","Car","y",1,"REF_EV",0.865021772366132,2236615,"REF","High EV"
2030,"ICEV-D","Light truck","y",1,"REF",0.904155133382797,2341308,"REF","Original"
2030,"ICEV-D","Light truck","y",1,"REF_EV",0.909244485938946,2350958,"REF","High EV"
2030,"BEV","Light truck","y",1,"REF_EV",0.914983154891076,2365796,"REF","High EV"
2030,"BEV","Light truck","y",1,"REF_EV",0.921836838170541,2383517,"REF","High EV"
2040,"ICEV-D","Light truck","y",1,"REF",1.03077925769556,2775994,"REF","Original"
2050,"ICEV-D","Light truck","y",1,"REF",1.04949855130946,2982618,"REF","Original"
2050,"FFV","Car","y",1,"REF_EV",1.17865830227536,3349683,"REF","High EV"
2050,"ICEV-D","Car","y",1,"REF",1.24705932111724,3544075,"REF","Original"
2040,"ICEV-D","Car","y",1,"REF",1.31564032559907,3543154,"REF","Original"
2040,"FFV","Car","y",1,"REF_EV",1.62117130802229,4365980,"REF","High EV"
2020,"FFV","Car","y",1,"REF_EV",1.86876478034788,4612472,"REF","High EV"
2020,"FFV","Car","y",1,"REF_BAU",1.87014588052236,4616626,"REF","No Change"
2020,"HEV","Car","y",1,"REF_BAU",1.92629531097204,4755236,"REF","No Change"
2050,"HEV","Car","y",1,"REF_EV",1.99317806128878,5664504,"REF","High EV"
2020,"HEV","Car","y",1,"REF_EV",2.01303996933919,4968571,"REF","High EV"
2020,"FFV","Car","y",1,"REF",2.03572730494702,5020260,"REF","Original"
2020,"HEV","Car","y",1,"REF",2.0391371743377,5028669,"REF","Original"
2040,"BEV","Car","y",1,"REF_EV",2.13993365027118,5763060,"REF","High EV"
2030,"FFV","Car","y",1,"REF_EV",2.21875745711759,5736857,"REF","High EV"
2030,"FFV","Car","y",1,"REF_BAU",2.35119778156849,6088422,"REF","No Change"
2040,"HEV","Car","y",1,"REF_EV",2.47002212715887,6652022,"REF","High EV"
2040,"FFV","Car","y",1,"REF_BAU",2.4973442336256,6725603,"REF","No Change"
2030,"FFV","Car","y",1,"REF",2.50728239576619,6492603,"REF","Original"
2050,"BEV","Car","y",1,"REF_EV",2.51950372353865,7160293,"REF","High EV"
2050,"FFV","Car","y",1,"REF",2.51975882157922,7161018,"REF","Original"
2030,"BEV","Car","y",1,"REF",2.54535772781606,6591199,"REF","Original"
2050,"FFV","Car","y",1,"REF_BAU",2.55374727131923,7257611,"REF","No Change"
2030,"HEV","Car","y",1,"REF_BAU",2.61184521006121,6763368,"REF","No Change"
2040,"FFV","Car","y",1,"REF",2.63345509513896,7092164,"REF","Original"
2040,"HEV","Car","y",1,"REF_BAU",2.83129703845985,7624972,"REF","No Change"
2050,"HEV","Car","y",1,"REF_BAU",2.90267934643522,8249257,"REF","No Change"
2030,"HEV","Car","y",1,"REF_EV",3.03654485563794,7851342,"REF","High EV"
2030,"HEV","Car","y",1,"REF",3.30160504848411,8549500,"REF","Original"
2050,"FFV","Light truck","y",1,"REF_EV",3.3428276617479,9500135,"REF","High EV"
2040,"HEV","Car","y",1,"REF",4.0579951082512,10928596,"REF","Original"
2050,"HEV","Car","y",1,"REF",4.30047012156249,12221703,"REF","Original"
2040,"FFV","Light truck","y",1,"REF_EV",4.67124754742411,12580147,"REF","High EV"
2050,"FFV","Light truck","y",1,"REF_BAU",5.15704651032263,14656046,"REF","No Change"
2040,"BEV","Light truck","y",1,"REF_EV",5.25810013915588,14160601,"REF","High EV"
2040,"FFV","Light truck","y",1,"REF_BAU",5.44860627452632,14673653,"REF","No Change"
2040,"BEV","Light truck","y",1,"REF_EV",5.50197094451882,14817370,"REF","High EV"
2050,"FFV","Light truck","y",1,"REF",5.66735122112463,16106305,"REF","Original"
2040,"BEV","Car","y",1,"REF",5.86010339874537,15781858,"REF","Original"
2030,"FFV","Light truck","y",1,"REF_BAU",6.00120443420922,15540107,"REF","No Change"
2030,"FFV","Light truck","y",1,"REF_EV",6.0495761746616,15641887,"REF","High EV"
2040,"FFV","Light truck","y",1,"REF",6.05924622299255,16318170,"REF","Original"
2030,"FFV","Light truck","y",1,"REF",6.15281432336251,15932701,"REF","Original"
2030,"BEV","Car","y",1,"REF_EV",6.29891124632921,16286572,"REF","High EV"
2020,"FFV","Light truck","y",1,"REF_EV",6.5805212665467,16241996,"REF","High EV"
2020,"FFV","Light truck","y",1,"REF_BAU",6.59513442844478,16280692,"REF","No Change"
2020,"FFV","Light truck","y",1,"REF",6.60966463145841,16299941,"REF","Original"
2050,"BEV","Light truck","y",1,"REF_EV",8.04684138609132,22868687,"REF","High EV"
2050,"BEV","Car","y",1,"REF",8.71031706516007,24754249,"REF","Original"
2050,"BEV","Light truck","y",1,"REF_EV",8.99265358611925,25556634,"REF","High EV"
2050,"ICEV-G","Light truck","y",1,"REF_EV",18.4356546083168,52393131,"REF","High EV"
2050,"ICEV-G","Car","y",1,"REF_EV",19.0239705451947,54065093,"REF","High EV"
2040,"BEV","Car","y",1,"REF_EV",23.6355865872286,63653050,"REF","High EV"
2040,"ICEV-G","Light truck","y",1,"REF_EV",24.370293204507,65631690,"REF","High EV"
2040,"ICEV-G","Car","y",1,"REF_EV",26.8490335303615,72307191,"REF","High EV"
2050,"ICEV-G","Light truck","y",1,"REF",31.8177169318289,90424227,"REF","Original"
2040,"ICEV-G","Light truck","y",1,"REF",32.9758411591872,88807314,"REF","Original"
2050,"BEV","Car","y",1,"REF_EV",33.5691758567992,95401778,"REF","High EV"
2050,"ICEV-G","Light truck","y",1,"REF_BAU",34.1046987713878,96923701,"REF","No Change"
2030,"ICEV-G","Light truck","y",1,"REF_EV",34.3608705388308,88844051,"REF","High EV"
2040,"ICEV-G","Light truck","y",1,"REF_BAU",35.1058019671813,94543509,"REF","No Change"
2030,"ICEV-G","Light truck","y",1,"REF",36.0051490286863,93235265,"REF","Original"
2030,"ICEV-G","Light truck","y",1,"REF_BAU",37.1873815914329,96296651,"REF","No Change"
2020,"ICEV-G","Light truck","y",1,"REF_EV",40.0397210441719,98825756,"REF","High EV"
2020,"ICEV-G","Light truck","y",1,"REF",40.1372700930335,98981593,"REF","Original"
2020,"ICEV-G","Light truck","y",1,"REF_BAU",40.1740736856984,99173372,"REF","No Change"
2050,"ICEV-G","Car","y",1,"REF",40.7681634885507,115860911,"REF","Original"
2030,"ICEV-G","Car","y",1,"REF_EV",41.8014617014043,108082570,"REF","High EV"
2040,"ICEV-G","Car","y",1,"REF",42.6759921348848,114930813,"REF","Original"
2030,"ICEV-G","Car","y",1,"REF",45.4469366090672,117684756,"REF","Original"
2020,"ICEV-G","Car","y",1,"REF_EV",47.3752161156025,116931173,"REF","High EV"
2020,"ICEV-G","Car","y",1,"REF",47.4773470766844,117082787,"REF","Original"
2020,"ICEV-G","Car","y",1,"REF_BAU",47.911371220943,118273598,"REF","No Change"
2030,"ICEV-G","Car","y",1,"REF_BAU",49.6415270477789,128546636,"REF","No Change"
2040,"ICEV-G","Car","y",1,"REF_BAU",51.7599020846629,139394701,"REF","No Change"
2050,"ICEV-G","Car","y",1,"REF_BAU",52.9223357742796,150402403,"REF","No Change"
