"Data","Unit","LWscen","Size","Technology","Fuel type","Year","value"
"FRV","L/100km100kg","BAU","Car","ICEV-G","E10",2016,0.351833826713772
"FRV","L/100km100kg","BAU","Car","ICEV-G","E10",2017,0.344726072638746
"FRV","L/100km100kg","BAU","Car","ICEV-G","E10",2018,0.337899813774612
"FRV","L/100km100kg","BAU","Car","ICEV-G","E10",2019,0.331338652342096
"FRV","L/100km100kg","BAU","Car","ICEV-G","E10",2020,0.325027439916532
"FRV","L/100km100kg","BAU","Car","ICEV-G","E10",2021,0.321412871185269
"FRV","L/100km100kg","BAU","Car","ICEV-G","E10",2022,0.31786832217003
"FRV","L/100km100kg","BAU","Car","ICEV-G","E10",2023,0.314391831389353
"FRV","L/100km100kg","BAU","Car","ICEV-G","E10",2024,0.310981509489938
"FRV","L/100km100kg","BAU","Car","ICEV-G","E10",2025,0.307635535966453
"FRV","L/100km100kg","BAU","Car","ICEV-G","E10",2026,0.303696340264254
"FRV","L/100km100kg","BAU","Car","ICEV-G","E10",2027,0.299803978251983
"FRV","L/100km100kg","BAU","Car","ICEV-G","E10",2028,0.295957744246758
"FRV","L/100km100kg","BAU","Car","ICEV-G","E10",2029,0.292156945837962
"FRV","L/100km100kg","BAU","Car","ICEV-G","E10",2030,0.288400903584886
"FRV","L/100km100kg","BAU","Car","ICEV-G","E10",2031,0.28739181505441
"FRV","L/100km100kg","BAU","Car","ICEV-G","E10",2032,0.286388902381304
"FRV","L/100km100kg","BAU","Car","ICEV-G","E10",2033,0.285392111436508
"FRV","L/100km100kg","BAU","Car","ICEV-G","E10",2034,0.284401387535037
"FRV","L/100km100kg","BAU","Car","ICEV-G","E10",2035,0.283416676639397
"FRV","L/100km100kg","BAU","Car","ICEV-G","E10",2036,0.282437926509071
"FRV","L/100km100kg","BAU","Car","ICEV-G","E10",2037,0.281465084346938
"FRV","L/100km100kg","BAU","Car","ICEV-G","E10",2038,0.280498097975721
"FRV","L/100km100kg","BAU","Car","ICEV-G","E10",2039,0.279536916962115
"FRV","L/100km100kg","BAU","Car","ICEV-G","E10",2040,0.278581490316144
"FRV","L/100km100kg","BAU","Car","ICEV-G","E10",2041,0.277631767641445
"FRV","L/100km100kg","BAU","Car","ICEV-G","E10",2042,0.276687700234749
"FRV","L/100km100kg","BAU","Car","ICEV-G","E10",2043,0.275749238836622
"FRV","L/100km100kg","BAU","Car","ICEV-G","E10",2044,0.274816334756325
"FRV","L/100km100kg","BAU","Car","ICEV-G","E10",2045,0.273888940947373
"FRV","L/100km100kg","BAU","Car","ICEV-G","E10",2046,0.273888940947373
"FRV","L/100km100kg","BAU","Car","ICEV-G","E10",2047,0.273888940947373
"FRV","L/100km100kg","BAU","Car","ICEV-G","E10",2048,0.273888940947373
"FRV","L/100km100kg","BAU","Car","ICEV-G","E10",2049,0.273888940947373
"FRV","L/100km100kg","BAU","Car","ICEV-G","E10",2050,0.273888940947373
"FRV","L/100km100kg","BAU","Light truck","ICEV-G","E10",2016,0.361223808025619
"FRV","L/100km100kg","BAU","Light truck","ICEV-G","E10",2017,0.351626286178513
"FRV","L/100km100kg","BAU","Light truck","ICEV-G","E10",2018,0.342408864206539
"FRV","L/100km100kg","BAU","Light truck","ICEV-G","E10",2019,0.3335494003694
"FRV","L/100km100kg","BAU","Light truck","ICEV-G","E10",2020,0.325027439916532
"FRV","L/100km100kg","BAU","Light truck","ICEV-G","E10",2021,0.321412871185269
"FRV","L/100km100kg","BAU","Light truck","ICEV-G","E10",2022,0.31786832217003
"FRV","L/100km100kg","BAU","Light truck","ICEV-G","E10",2023,0.314391831389353
"FRV","L/100km100kg","BAU","Light truck","ICEV-G","E10",2024,0.310981509489938
"FRV","L/100km100kg","BAU","Light truck","ICEV-G","E10",2025,0.307635535966453
"FRV","L/100km100kg","BAU","Light truck","ICEV-G","E10",2026,0.305729315135862
"FRV","L/100km100kg","BAU","Light truck","ICEV-G","E10",2027,0.303842557795181
"FRV","L/100km100kg","BAU","Light truck","ICEV-G","E10",2028,0.301974986835488
"FRV","L/100km100kg","BAU","Light truck","ICEV-G","E10",2029,0.300126330231648
"FRV","L/100km100kg","BAU","Light truck","ICEV-G","E10",2030,0.298296320927841
"FRV","L/100km100kg","BAU","Light truck","ICEV-G","E10",2031,0.297250696387555
"FRV","L/100km100kg","BAU","Light truck","ICEV-G","E10",2032,0.296211473699269
"FRV","L/100km100kg","BAU","Light truck","ICEV-G","E10",2033,0.295178596740572
"FRV","L/100km100kg","BAU","Light truck","ICEV-G","E10",2034,0.294152008824205
"FRV","L/100km100kg","BAU","Light truck","ICEV-G","E10",2035,0.293131653934102
"FRV","L/100km100kg","BAU","Light truck","ICEV-G","E10",2036,0.292117477905815
"FRV","L/100km100kg","BAU","Light truck","ICEV-G","E10",2037,0.291109426009199
"FRV","L/100km100kg","BAU","Light truck","ICEV-G","E10",2038,0.290107444156645
"FRV","L/100km100kg","BAU","Light truck","ICEV-G","E10",2039,0.289111480057345
"FRV","L/100km100kg","BAU","Light truck","ICEV-G","E10",2040,0.288121480854591
"FRV","L/100km100kg","BAU","Light truck","ICEV-G","E10",2041,0.287137394307013
"FRV","L/100km100kg","BAU","Light truck","ICEV-G","E10",2042,0.286159169917438
"FRV","L/100km100kg","BAU","Light truck","ICEV-G","E10",2043,0.285186756623173
"FRV","L/100km100kg","BAU","Light truck","ICEV-G","E10",2044,0.284220103951041
"FRV","L/100km100kg","BAU","Light truck","ICEV-G","E10",2045,0.283259163121553
"FRV","L/100km100kg","BAU","Light truck","ICEV-G","E10",2046,0.283259163121553
"FRV","L/100km100kg","BAU","Light truck","ICEV-G","E10",2047,0.283259163121553
"FRV","L/100km100kg","BAU","Light truck","ICEV-G","E10",2048,0.283259163121553
"FRV","L/100km100kg","BAU","Light truck","ICEV-G","E10",2049,0.283259163121553
"FRV","L/100km100kg","BAU","Light truck","ICEV-G","E10",2050,0.283259163121553
"FRV","kWh/100km100kg","BAU","Car","BEV100","Electricity",2016,0.0803574352272159
"FRV","kWh/100km100kg","BAU","Car","BEV100","Electricity",2017,0.0801835013847327
"FRV","kWh/100km100kg","BAU","Car","BEV100","Electricity",2018,0.0800103188763424
"FRV","kWh/100km100kg","BAU","Car","BEV100","Electricity",2019,0.0798378828442813
"FRV","kWh/100km100kg","BAU","Car","BEV100","Electricity",2020,0.0796661884725732
"FRV","kWh/100km100kg","BAU","Car","BEV100","Electricity",2021,0.0793149696918264
"FRV","kWh/100km100kg","BAU","Car","BEV100","Electricity",2022,0.0789660689754013
"FRV","kWh/100km100kg","BAU","Car","BEV100","Electricity",2023,0.0786194659638463
"FRV","kWh/100km100kg","BAU","Car","BEV100","Electricity",2024,0.0782751405207959
"FRV","kWh/100km100kg","BAU","Car","BEV100","Electricity",2025,0.0779330727300429
"FRV","kWh/100km100kg","BAU","Car","BEV100","Electricity",2026,0.076639341732092
"FRV","kWh/100km100kg","BAU","Car","BEV100","Electricity",2027,0.0753561301288192
"FRV","kWh/100km100kg","BAU","Car","BEV100","Electricity",2028,0.0740833375391874
"FRV","kWh/100km100kg","BAU","Car","BEV100","Electricity",2029,0.0728208647285065
"FRV","kWh/100km100kg","BAU","Car","BEV100","Electricity",2030,0.0715686135930493
"FRV","kWh/100km100kg","BAU","Car","BEV100","Electricity",2031,0.071465487774574
"FRV","kWh/100km100kg","BAU","Car","BEV100","Electricity",2032,0.0713625849004548
"FRV","kWh/100km100kg","BAU","Car","BEV100","Electricity",2033,0.071259904020544
"FRV","kWh/100km100kg","BAU","Car","BEV100","Electricity",2034,0.0711574446502306
"FRV","kWh/100km100kg","BAU","Car","BEV100","Electricity",2035,0.071055206305872
"FRV","kWh/100km100kg","BAU","Car","BEV100","Electricity",2036,0.0709531880462065
"FRV","kWh/100km100kg","BAU","Car","BEV100","Electricity",2037,0.0708513893924872
"FRV","kWh/100km100kg","BAU","Car","BEV100","Electricity",2038,0.0707498098669177
"FRV","kWh/100km100kg","BAU","Car","BEV100","Electricity",2039,0.0706484485370164
"FRV","kWh/100km100kg","BAU","Car","BEV100","Electricity",2040,0.0705473049298211
"FRV","kWh/100km100kg","BAU","Car","BEV100","Electricity",2041,0.0704463785733024
"FRV","kWh/100km100kg","BAU","Car","BEV100","Electricity",2042,0.0703456685436541
"FRV","kWh/100km100kg","BAU","Car","BEV100","Electricity",2043,0.0702451743736207
"FRV","kWh/100km100kg","BAU","Car","BEV100","Electricity",2044,0.0701448955968612
"FRV","kWh/100km100kg","BAU","Car","BEV100","Electricity",2045,0.0700448312981424
"FRV","kWh/100km100kg","BAU","Car","BEV100","Electricity",2046,0.0700448312981424
"FRV","kWh/100km100kg","BAU","Car","BEV100","Electricity",2047,0.0700448312981424
"FRV","kWh/100km100kg","BAU","Car","BEV100","Electricity",2048,0.0700448312981424
"FRV","kWh/100km100kg","BAU","Car","BEV100","Electricity",2049,0.0700448312981424
"FRV","kWh/100km100kg","BAU","Car","BEV100","Electricity",2050,0.0700448312981424
"FRV","kWh/100km100kg","BAU","Light truck","BEV100","Electricity",2016,0.0843089674929393
"FRV","kWh/100km100kg","BAU","Light truck","BEV100","Electricity",2017,0.0831407357589187
"FRV","kWh/100km100kg","BAU","Light truck","BEV100","Electricity",2018,0.0819775503822803
"FRV","kWh/100km100kg","BAU","Light truck","BEV100","Electricity",2019,0.0808193787357137
"FRV","kWh/100km100kg","BAU","Light truck","BEV100","Electricity",2020,0.0796661884725732
"FRV","kWh/100km100kg","BAU","Light truck","BEV100","Electricity",2021,0.0793149696918264
"FRV","kWh/100km100kg","BAU","Light truck","BEV100","Electricity",2022,0.0789660689754013
"FRV","kWh/100km100kg","BAU","Light truck","BEV100","Electricity",2023,0.0786194659638463
"FRV","kWh/100km100kg","BAU","Light truck","BEV100","Electricity",2024,0.0782751405207959
"FRV","kWh/100km100kg","BAU","Light truck","BEV100","Electricity",2025,0.0779330727300429
"FRV","kWh/100km100kg","BAU","Light truck","BEV100","Electricity",2026,0.077593242892655
"FRV","kWh/100km100kg","BAU","Light truck","BEV100","Electricity",2027,0.0772556315241368
"FRV","kWh/100km100kg","BAU","Light truck","BEV100","Electricity",2028,0.0769202193516331
"FRV","kWh/100km100kg","BAU","Light truck","BEV100","Electricity",2029,0.0765869873111766
"FRV","kWh/100km100kg","BAU","Light truck","BEV100","Electricity",2030,0.0762559165449753
"FRV","kWh/100km100kg","BAU","Light truck","BEV100","Electricity",2031,0.0761460366211863
"FRV","kWh/100km100kg","BAU","Light truck","BEV100","Electricity",2032,0.0760363942432342
"FRV","kWh/100km100kg","BAU","Light truck","BEV100","Electricity",2033,0.0759269883987426
"FRV","kWh/100km100kg","BAU","Light truck","BEV100","Electricity",2034,0.0758178185713614
"FRV","kWh/100km100kg","BAU","Light truck","BEV100","Electricity",2035,0.0757088842457724
"FRV","kWh/100km100kg","BAU","Light truck","BEV100","Electricity",2036,0.0756001844190668
"FRV","kWh/100km100kg","BAU","Light truck","BEV100","Electricity",2037,0.075491718581143
"FRV","kWh/100km100kg","BAU","Light truck","BEV100","Electricity",2038,0.075383486222912
"FRV","kWh/100km100kg","BAU","Light truck","BEV100","Electricity",2039,0.0752754863508201
"FRV","kWh/100km100kg","BAU","Light truck","BEV100","Electricity",2040,0.0751677184609292
"FRV","kWh/100km100kg","BAU","Light truck","BEV100","Electricity",2041,0.0750601820502948
"FRV","kWh/100km100kg","BAU","Light truck","BEV100","Electricity",2042,0.0749528761346072
"FRV","kWh/100km100kg","BAU","Light truck","BEV100","Electricity",2043,0.0748458002160082
"FRV","kWh/100km100kg","BAU","Light truck","BEV100","Electricity",2044,0.0747389537976146
"FRV","kWh/100km100kg","BAU","Light truck","BEV100","Electricity",2045,0.0746323359042513
"FRV","kWh/100km100kg","BAU","Light truck","BEV100","Electricity",2046,0.0746323359042513
"FRV","kWh/100km100kg","BAU","Light truck","BEV100","Electricity",2047,0.0746323359042513
"FRV","kWh/100km100kg","BAU","Light truck","BEV100","Electricity",2048,0.0746323359042513
"FRV","kWh/100km100kg","BAU","Light truck","BEV100","Electricity",2049,0.0746323359042513
"FRV","kWh/100km100kg","BAU","Light truck","BEV100","Electricity",2050,0.0746323359042513
"FRV","kWh/100km100kg","BAU","Car","BEV300","Electricity",2016,0.0803574352272159
"FRV","kWh/100km100kg","BAU","Car","BEV300","Electricity",2017,0.0801835013847327
"FRV","kWh/100km100kg","BAU","Car","BEV300","Electricity",2018,0.0800103188763424
"FRV","kWh/100km100kg","BAU","Car","BEV300","Electricity",2019,0.0798378828442813
"FRV","kWh/100km100kg","BAU","Car","BEV300","Electricity",2020,0.0796661884725732
"FRV","kWh/100km100kg","BAU","Car","BEV300","Electricity",2021,0.0793149696918264
"FRV","kWh/100km100kg","BAU","Car","BEV300","Electricity",2022,0.0789660689754013
"FRV","kWh/100km100kg","BAU","Car","BEV300","Electricity",2023,0.0786194659638463
"FRV","kWh/100km100kg","BAU","Car","BEV300","Electricity",2024,0.0782751405207959
"FRV","kWh/100km100kg","BAU","Car","BEV300","Electricity",2025,0.0779330727300429
"FRV","kWh/100km100kg","BAU","Car","BEV300","Electricity",2026,0.076639341732092
"FRV","kWh/100km100kg","BAU","Car","BEV300","Electricity",2027,0.0753561301288192
"FRV","kWh/100km100kg","BAU","Car","BEV300","Electricity",2028,0.0740833375391874
"FRV","kWh/100km100kg","BAU","Car","BEV300","Electricity",2029,0.0728208647285065
"FRV","kWh/100km100kg","BAU","Car","BEV300","Electricity",2030,0.0715686135930493
"FRV","kWh/100km100kg","BAU","Car","BEV300","Electricity",2031,0.071465487774574
"FRV","kWh/100km100kg","BAU","Car","BEV300","Electricity",2032,0.0713625849004548
"FRV","kWh/100km100kg","BAU","Car","BEV300","Electricity",2033,0.071259904020544
"FRV","kWh/100km100kg","BAU","Car","BEV300","Electricity",2034,0.0711574446502306
"FRV","kWh/100km100kg","BAU","Car","BEV300","Electricity",2035,0.071055206305872
"FRV","kWh/100km100kg","BAU","Car","BEV300","Electricity",2036,0.0709531880462065
"FRV","kWh/100km100kg","BAU","Car","BEV300","Electricity",2037,0.0708513893924872
"FRV","kWh/100km100kg","BAU","Car","BEV300","Electricity",2038,0.0707498098669178
"FRV","kWh/100km100kg","BAU","Car","BEV300","Electricity",2039,0.0706484485370164
"FRV","kWh/100km100kg","BAU","Car","BEV300","Electricity",2040,0.0705473049298211
"FRV","kWh/100km100kg","BAU","Car","BEV300","Electricity",2041,0.0704463785733024
"FRV","kWh/100km100kg","BAU","Car","BEV300","Electricity",2042,0.0703456685436542
"FRV","kWh/100km100kg","BAU","Car","BEV300","Electricity",2043,0.0702451743736207
"FRV","kWh/100km100kg","BAU","Car","BEV300","Electricity",2044,0.0701448955968612
"FRV","kWh/100km100kg","BAU","Car","BEV300","Electricity",2045,0.0700448312981424
"FRV","kWh/100km100kg","BAU","Car","BEV300","Electricity",2046,0.0700448312981424
"FRV","kWh/100km100kg","BAU","Car","BEV300","Electricity",2047,0.0700448312981424
"FRV","kWh/100km100kg","BAU","Car","BEV300","Electricity",2048,0.0700448312981424
"FRV","kWh/100km100kg","BAU","Car","BEV300","Electricity",2049,0.0700448312981424
"FRV","kWh/100km100kg","BAU","Car","BEV300","Electricity",2050,0.0700448312981424
"FRV","kWh/100km100kg","BAU","Light truck","BEV300","Electricity",2016,0.0843089674929393
"FRV","kWh/100km100kg","BAU","Light truck","BEV300","Electricity",2017,0.0831407357589187
"FRV","kWh/100km100kg","BAU","Light truck","BEV300","Electricity",2018,0.0819775503822803
"FRV","kWh/100km100kg","BAU","Light truck","BEV300","Electricity",2019,0.0808193787357137
"FRV","kWh/100km100kg","BAU","Light truck","BEV300","Electricity",2020,0.0796661884725732
"FRV","kWh/100km100kg","BAU","Light truck","BEV300","Electricity",2021,0.0793149696918264
"FRV","kWh/100km100kg","BAU","Light truck","BEV300","Electricity",2022,0.0789660689754013
"FRV","kWh/100km100kg","BAU","Light truck","BEV300","Electricity",2023,0.0786194659638463
"FRV","kWh/100km100kg","BAU","Light truck","BEV300","Electricity",2024,0.0782751405207959
"FRV","kWh/100km100kg","BAU","Light truck","BEV300","Electricity",2025,0.0779330727300429
"FRV","kWh/100km100kg","BAU","Light truck","BEV300","Electricity",2026,0.077593242892655
"FRV","kWh/100km100kg","BAU","Light truck","BEV300","Electricity",2027,0.0772556315241368
"FRV","kWh/100km100kg","BAU","Light truck","BEV300","Electricity",2028,0.0769202193516331
"FRV","kWh/100km100kg","BAU","Light truck","BEV300","Electricity",2029,0.0765869873111766
"FRV","kWh/100km100kg","BAU","Light truck","BEV300","Electricity",2030,0.0762559165449753
"FRV","kWh/100km100kg","BAU","Light truck","BEV300","Electricity",2031,0.0761460366211863
"FRV","kWh/100km100kg","BAU","Light truck","BEV300","Electricity",2032,0.0760363942432342
"FRV","kWh/100km100kg","BAU","Light truck","BEV300","Electricity",2033,0.0759269883987426
"FRV","kWh/100km100kg","BAU","Light truck","BEV300","Electricity",2034,0.0758178185713614
"FRV","kWh/100km100kg","BAU","Light truck","BEV300","Electricity",2035,0.0757088842457724
"FRV","kWh/100km100kg","BAU","Light truck","BEV300","Electricity",2036,0.0756001844190668
"FRV","kWh/100km100kg","BAU","Light truck","BEV300","Electricity",2037,0.075491718581143
"FRV","kWh/100km100kg","BAU","Light truck","BEV300","Electricity",2038,0.075383486222912
"FRV","kWh/100km100kg","BAU","Light truck","BEV300","Electricity",2039,0.07527548635082
"FRV","kWh/100km100kg","BAU","Light truck","BEV300","Electricity",2040,0.0751677184609292
"FRV","kWh/100km100kg","BAU","Light truck","BEV300","Electricity",2041,0.0750601820502948
"FRV","kWh/100km100kg","BAU","Light truck","BEV300","Electricity",2042,0.0749528761346072
"FRV","kWh/100km100kg","BAU","Light truck","BEV300","Electricity",2043,0.0748458002160082
"FRV","kWh/100km100kg","BAU","Light truck","BEV300","Electricity",2044,0.0747389537976147
"FRV","kWh/100km100kg","BAU","Light truck","BEV300","Electricity",2045,0.0746323359042513
"FRV","kWh/100km100kg","BAU","Light truck","BEV300","Electricity",2046,0.0746323359042513
"FRV","kWh/100km100kg","BAU","Light truck","BEV300","Electricity",2047,0.0746323359042513
"FRV","kWh/100km100kg","BAU","Light truck","BEV300","Electricity",2048,0.0746323359042513
"FRV","kWh/100km100kg","BAU","Light truck","BEV300","Electricity",2049,0.0746323359042513
"FRV","kWh/100km100kg","BAU","Light truck","BEV300","Electricity",2050,0.0746323359042513
"FRV","L/100km100kg","BAU","Car","FFV","E85",2016,0.339580907375481
"FRV","L/100km100kg","BAU","Car","FFV","E85",2017,0.329737982524018
"FRV","L/100km100kg","BAU","Car","FFV","E85",2018,0.320449588650102
"FRV","L/100km100kg","BAU","Car","FFV","E85",2019,0.311670147865168
"FRV","L/100km100kg","BAU","Car","FFV","E85",2020,0.303358943922096
"FRV","L/100km100kg","BAU","Car","FFV","E85",2021,0.301502339341934
"FRV","L/100km100kg","BAU","Car","FFV","E85",2022,0.299664409446637
"FRV","L/100km100kg","BAU","Car","FFV","E85",2023,0.297844892895177
"FRV","L/100km100kg","BAU","Car","FFV","E85",2024,0.296043533051556
"FRV","L/100km100kg","BAU","Car","FFV","E85",2025,0.294260077880955
"FRV","L/100km100kg","BAU","Car","FFV","E85",2026,0.291812570427827
"FRV","L/100km100kg","BAU","Car","FFV","E85",2027,0.289376013791045
"FRV","L/100km100kg","BAU","Car","FFV","E85",2028,0.286950334639248
"FRV","L/100km100kg","BAU","Car","FFV","E85",2029,0.284535460294364
"FRV","L/100km100kg","BAU","Car","FFV","E85",2030,0.282131318724345
"FRV","L/100km100kg","BAU","Car","FFV","E85",2031,0.281162223683123
"FRV","L/100km100kg","BAU","Car","FFV","E85",2032,0.280198940518732
"FRV","L/100km100kg","BAU","Car","FFV","E85",2033,0.279241419379686
"FRV","L/100km100kg","BAU","Car","FFV","E85",2034,0.278289609861568
"FRV","L/100km100kg","BAU","Car","FFV","E85",2035,0.277343462144319
"FRV","L/100km100kg","BAU","Car","FFV","E85",2036,0.27640292807939
"FRV","L/100km100kg","BAU","Car","FFV","E85",2037,0.275467958965969
"FRV","L/100km100kg","BAU","Car","FFV","E85",2038,0.274538506663177
"FRV","L/100km100kg","BAU","Car","FFV","E85",2039,0.273614524653596
"FRV","L/100km100kg","BAU","Car","FFV","E85",2040,0.272695965868701
"FRV","L/100km100kg","BAU","Car","FFV","E85",2041,0.271782783776701
"FRV","L/100km100kg","BAU","Car","FFV","E85",2042,0.270874933423095
"FRV","L/100km100kg","BAU","Car","FFV","E85",2043,0.269972369303887
"FRV","L/100km100kg","BAU","Car","FFV","E85",2044,0.26907504642976
"FRV","L/100km100kg","BAU","Car","FFV","E85",2045,0.268182921344303
"FRV","L/100km100kg","BAU","Car","FFV","E85",2046,0.268182921344303
"FRV","L/100km100kg","BAU","Car","FFV","E85",2047,0.268182921344303
"FRV","L/100km100kg","BAU","Car","FFV","E85",2048,0.268182921344303
"FRV","L/100km100kg","BAU","Car","FFV","E85",2049,0.268182921344303
"FRV","L/100km100kg","BAU","Car","FFV","E85",2050,0.268182921344303
"FRV","L/100km100kg","BAU","Light truck","FFV","E85",2016,0.348643874412787
"FRV","L/100km100kg","BAU","Light truck","FFV","E85",2017,0.336338186779447
"FRV","L/100km100kg","BAU","Light truck","FFV","E85",2018,0.324725777322634
"FRV","L/100km100kg","BAU","Light truck","FFV","E85",2019,0.313749664274412
"FRV","L/100km100kg","BAU","Light truck","FFV","E85",2020,0.303358943922097
"FRV","L/100km100kg","BAU","Light truck","FFV","E85",2021,0.301502339341934
"FRV","L/100km100kg","BAU","Light truck","FFV","E85",2022,0.299664409446637
"FRV","L/100km100kg","BAU","Light truck","FFV","E85",2023,0.297844892895177
"FRV","L/100km100kg","BAU","Light truck","FFV","E85",2024,0.296043533051556
"FRV","L/100km100kg","BAU","Light truck","FFV","E85",2025,0.294260077880955
"FRV","L/100km100kg","BAU","Light truck","FFV","E85",2026,0.293765994108806
"FRV","L/100km100kg","BAU","Light truck","FFV","E85",2027,0.293274121002305
"FRV","L/100km100kg","BAU","Light truck","FFV","E85",2028,0.292784443757886
"FRV","L/100km100kg","BAU","Light truck","FFV","E85",2029,0.292296947703866
"FRV","L/100km100kg","BAU","Light truck","FFV","E85",2030,0.291811618298975
"FRV","L/100km100kg","BAU","Light truck","FFV","E85",2031,0.290807400940973
"FRV","L/100km100kg","BAU","Light truck","FFV","E85",2032,0.289809208422197
"FRV","L/100km100kg","BAU","Light truck","FFV","E85",2033,0.288816989052198
"FRV","L/100km100kg","BAU","Light truck","FFV","E85",2034,0.287830690578469
"FRV","L/100km100kg","BAU","Light truck","FFV","E85",2035,0.286850261354287
"FRV","L/100km100kg","BAU","Light truck","FFV","E85",2036,0.285875651454837
"FRV","L/100km100kg","BAU","Light truck","FFV","E85",2037,0.284906810393802
"FRV","L/100km100kg","BAU","Light truck","FFV","E85",2038,0.283943688265331
"FRV","L/100km100kg","BAU","Light truck","FFV","E85",2039,0.282986236835791
"FRV","L/100km100kg","BAU","Light truck","FFV","E85",2040,0.282034407311123
"FRV","L/100km100kg","BAU","Light truck","FFV","E85",2041,0.28108815145367
"FRV","L/100km100kg","BAU","Light truck","FFV","E85",2042,0.280147422650265
"FRV","L/100km100kg","BAU","Light truck","FFV","E85",2043,0.27921217372885
"FRV","L/100km100kg","BAU","Light truck","FFV","E85",2044,0.278282358050906
"FRV","L/100km100kg","BAU","Light truck","FFV","E85",2045,0.27735793055652
"FRV","L/100km100kg","BAU","Light truck","FFV","E85",2046,0.27735793055652
"FRV","L/100km100kg","BAU","Light truck","FFV","E85",2047,0.27735793055652
"FRV","L/100km100kg","BAU","Light truck","FFV","E85",2048,0.27735793055652
"FRV","L/100km100kg","BAU","Light truck","FFV","E85",2049,0.27735793055652
"FRV","L/100km100kg","BAU","Light truck","FFV","E85",2050,0.27735793055652
"FRV","L/100km100kg","BAU","Car","ICEV-D","Diesel",2016,0.314542683790192
"FRV","L/100km100kg","BAU","Car","ICEV-D","Diesel",2017,0.311670147865168
"FRV","L/100km100kg","BAU","Car","ICEV-D","Diesel",2018,0.308849603540596
"FRV","L/100km100kg","BAU","Car","ICEV-D","Diesel",2019,0.306079651939335
"FRV","L/100km100kg","BAU","Car","ICEV-D","Diesel",2020,0.303358943922096
"FRV","L/100km100kg","BAU","Car","ICEV-D","Diesel",2021,0.300174135203863
"FRV","L/100km100kg","BAU","Car","ICEV-D","Diesel",2022,0.297047253032255
"FRV","L/100km100kg","BAU","Car","ICEV-D","Diesel",2023,0.293976777403032
"FRV","L/100km100kg","BAU","Car","ICEV-D","Diesel",2024,0.290961240638654
"FRV","L/100km100kg","BAU","Car","ICEV-D","Diesel",2025,0.287999225160083
"FRV","L/100km100kg","BAU","Car","ICEV-D","Diesel",2026,0.284393606772882
"FRV","L/100km100kg","BAU","Car","ICEV-D","Diesel",2027,0.280829042919579
"FRV","L/100km100kg","BAU","Car","ICEV-D","Diesel",2028,0.277304945239609
"FRV","L/100km100kg","BAU","Car","ICEV-D","Diesel",2029,0.273820735848132
"FRV","L/100km100kg","BAU","Car","ICEV-D","Diesel",2030,0.27037584711083
"FRV","L/100km100kg","BAU","Car","ICEV-D","Diesel",2031,0.269853340517633
"FRV","L/100km100kg","BAU","Car","ICEV-D","Diesel",2032,0.26933249999275
"FRV","L/100km100kg","BAU","Car","ICEV-D","Diesel",2033,0.268813316581275
"FRV","L/100km100kg","BAU","Car","ICEV-D","Diesel",2034,0.268295783715582
"FRV","L/100km100kg","BAU","Car","ICEV-D","Diesel",2035,0.267779894860117
"FRV","L/100km100kg","BAU","Car","ICEV-D","Diesel",2036,0.267265641200733
"FRV","L/100km100kg","BAU","Car","ICEV-D","Diesel",2037,0.266753016287388
"FRV","L/100km100kg","BAU","Car","ICEV-D","Diesel",2038,0.266242013701364
"FRV","L/100km100kg","BAU","Car","ICEV-D","Diesel",2039,0.265732624766455
"FRV","L/100km100kg","BAU","Car","ICEV-D","Diesel",2040,0.265224843147695
"FRV","L/100km100kg","BAU","Car","ICEV-D","Diesel",2041,0.264718662540714
"FRV","L/100km100kg","BAU","Car","ICEV-D","Diesel",2042,0.264214074404494
"FRV","L/100km100kg","BAU","Car","ICEV-D","Diesel",2043,0.2637110725167
"FRV","L/100km100kg","BAU","Car","ICEV-D","Diesel",2044,0.26320965068489
"FRV","L/100km100kg","BAU","Car","ICEV-D","Diesel",2045,0.262709800500541
"FRV","L/100km100kg","BAU","Car","ICEV-D","Diesel",2046,0.262709800500541
"FRV","L/100km100kg","BAU","Car","ICEV-D","Diesel",2047,0.262709800500541
"FRV","L/100km100kg","BAU","Car","ICEV-D","Diesel",2048,0.262709800500541
"FRV","L/100km100kg","BAU","Car","ICEV-D","Diesel",2049,0.262709800500541
"FRV","L/100km100kg","BAU","Car","ICEV-D","Diesel",2050,0.262709800500541
"FRV","L/100km100kg","BAU","Light truck","ICEV-D","Diesel",2016,0.322937413626591
"FRV","L/100km100kg","BAU","Light truck","ICEV-D","Diesel",2017,0.317908697092902
"FRV","L/100km100kg","BAU","Light truck","ICEV-D","Diesel",2018,0.312970998053035
"FRV","L/100km100kg","BAU","Light truck","ICEV-D","Diesel",2019,0.308121867605813
"FRV","L/100km100kg","BAU","Light truck","ICEV-D","Diesel",2020,0.303358943922096
"FRV","L/100km100kg","BAU","Light truck","ICEV-D","Diesel",2021,0.300174135203863
"FRV","L/100km100kg","BAU","Light truck","ICEV-D","Diesel",2022,0.297047253032255
"FRV","L/100km100kg","BAU","Light truck","ICEV-D","Diesel",2023,0.293976777403032
"FRV","L/100km100kg","BAU","Light truck","ICEV-D","Diesel",2024,0.290961240638654
"FRV","L/100km100kg","BAU","Light truck","ICEV-D","Diesel",2025,0.287999225160083
"FRV","L/100km100kg","BAU","Light truck","ICEV-D","Diesel",2026,0.286297367139938
"FRV","L/100km100kg","BAU","Light truck","ICEV-D","Diesel",2027,0.284612016162574
"FRV","L/100km100kg","BAU","Light truck","ICEV-D","Diesel",2028,0.282942949850058
"FRV","L/100km100kg","BAU","Light truck","ICEV-D","Diesel",2029,0.281289949673176
"FRV","L/100km100kg","BAU","Light truck","ICEV-D","Diesel",2030,0.27965280086985
"FRV","L/100km100kg","BAU","Light truck","ICEV-D","Diesel",2031,0.279110570272114
"FRV","L/100km100kg","BAU","Light truck","ICEV-D","Diesel",2032,0.278570070539051
"FRV","L/100km100kg","BAU","Light truck","ICEV-D","Diesel",2033,0.278031292365601
"FRV","L/100km100kg","BAU","Light truck","ICEV-D","Diesel",2034,0.277494228924183
"FRV","L/100km100kg","BAU","Light truck","ICEV-D","Diesel",2035,0.276958873420559
"FRV","L/100km100kg","BAU","Light truck","ICEV-D","Diesel",2036,0.276425216695999
"FRV","L/100km100kg","BAU","Light truck","ICEV-D","Diesel",2037,0.275893252045167
"FRV","L/100km100kg","BAU","Light truck","ICEV-D","Diesel",2038,0.275362972795298
"FRV","L/100km100kg","BAU","Light truck","ICEV-D","Diesel",2039,0.274834369931057
"FRV","L/100km100kg","BAU","Light truck","ICEV-D","Diesel",2040,0.274307436866748
"FRV","L/100km100kg","BAU","Light truck","ICEV-D","Diesel",2041,0.273782167048493
"FRV","L/100km100kg","BAU","Light truck","ICEV-D","Diesel",2042,0.273258551601488
"FRV","L/100km100kg","BAU","Light truck","ICEV-D","Diesel",2043,0.272736584057139
"FRV","L/100km100kg","BAU","Light truck","ICEV-D","Diesel",2044,0.272216257977929
"FRV","L/100km100kg","BAU","Light truck","ICEV-D","Diesel",2045,0.271697564626795
"FRV","L/100km100kg","BAU","Light truck","ICEV-D","Diesel",2046,0.271697564626795
"FRV","L/100km100kg","BAU","Light truck","ICEV-D","Diesel",2047,0.271697564626795
"FRV","L/100km100kg","BAU","Light truck","ICEV-D","Diesel",2048,0.271697564626795
"FRV","L/100km100kg","BAU","Light truck","ICEV-D","Diesel",2049,0.271697564626795
"FRV","L/100km100kg","BAU","Light truck","ICEV-D","Diesel",2050,0.271697564626795
"FRV","L/100km100kg","BAU","Car","CNG","CNG & LPG",2016,0.331338652342095
"FRV","L/100km100kg","BAU","Car","CNG","CNG & LPG",2017,0.321961143313546
"FRV","L/100km100kg","BAU","Car","CNG","CNG & LPG",2018,0.31309982744253
"FRV","L/100km100kg","BAU","Car","CNG","CNG & LPG",2019,0.304713224921749
"FRV","L/100km100kg","BAU","Car","CNG","CNG & LPG",2020,0.296764184271616
"FRV","L/100km100kg","BAU","Car","CNG","CNG & LPG",2021,0.294976314680853
"FRV","L/100km100kg","BAU","Car","CNG","CNG & LPG",2022,0.293206124760287
"FRV","L/100km100kg","BAU","Car","CNG","CNG & LPG",2023,0.291453371588413
"FRV","L/100km100kg","BAU","Car","CNG","CNG & LPG",2024,0.289717816533361
"FRV","L/100km100kg","BAU","Car","CNG","CNG & LPG",2025,0.287999225160084
"FRV","L/100km100kg","BAU","Car","CNG","CNG & LPG",2026,0.285603792333618
"FRV","L/100km100kg","BAU","Car","CNG","CNG & LPG",2027,0.283219077327406
"FRV","L/100km100kg","BAU","Car","CNG","CNG & LPG",2028,0.280845008370327
"FRV","L/100km100kg","BAU","Car","CNG","CNG & LPG",2029,0.278481514330653
"FRV","L/100km100kg","BAU","Car","CNG","CNG & LPG",2030,0.276128524708934
"FRV","L/100km100kg","BAU","Car","CNG","CNG & LPG",2031,0.275586768428253
"FRV","L/100km100kg","BAU","Car","CNG","CNG & LPG",2032,0.275046768030585
"FRV","L/100km100kg","BAU","Car","CNG","CNG & LPG",2033,0.274508513966471
"FRV","L/100km100kg","BAU","Car","CNG","CNG & LPG",2034,0.273971999163955
"FRV","L/100km100kg","BAU","Car","CNG","CNG & LPG",2035,0.273437216586498
"FRV","L/100km100kg","BAU","Car","CNG","CNG & LPG",2036,0.272904156837879
"FRV","L/100km100kg","BAU","Car","CNG","CNG & LPG",2037,0.27237281297489
"FRV","L/100km100kg","BAU","Car","CNG","CNG & LPG",2038,0.271843178088912
"FRV","L/100km100kg","BAU","Car","CNG","CNG & LPG",2039,0.271315242933817
"FRV","L/100km100kg","BAU","Car","CNG","CNG & LPG",2040,0.270789000692357
"FRV","L/100km100kg","BAU","Car","CNG","CNG & LPG",2041,0.270264444581054
"FRV","L/100km100kg","BAU","Car","CNG","CNG & LPG",2042,0.269741565500822
"FRV","L/100km100kg","BAU","Car","CNG","CNG & LPG",2043,0.269220356757642
"FRV","L/100km100kg","BAU","Car","CNG","CNG & LPG",2044,0.26870081169048
"FRV","L/100km100kg","BAU","Car","CNG","CNG & LPG",2045,0.268182921344303
"FRV","L/100km100kg","BAU","Car","CNG","CNG & LPG",2046,0.268182921344303
"FRV","L/100km100kg","BAU","Car","CNG","CNG & LPG",2047,0.268182921344303
"FRV","L/100km100kg","BAU","Car","CNG","CNG & LPG",2048,0.268182921344303
"FRV","L/100km100kg","BAU","Car","CNG","CNG & LPG",2049,0.268182921344303
"FRV","L/100km100kg","BAU","Car","CNG","CNG & LPG",2050,0.268182921344303
"FRV","L/100km100kg","BAU","Light truck","CNG","CNG & LPG",2016,0.340181644451312
"FRV","L/100km100kg","BAU","Light truck","CNG","CNG & LPG",2017,0.328405682374272
"FRV","L/100km100kg","BAU","Light truck","CNG","CNG & LPG",2018,0.317277938393215
"FRV","L/100km100kg","BAU","Light truck","CNG","CNG & LPG",2019,0.306746323554001
"FRV","L/100km100kg","BAU","Light truck","CNG","CNG & LPG",2020,0.296764184271616
"FRV","L/100km100kg","BAU","Light truck","CNG","CNG & LPG",2021,0.294976314680853
"FRV","L/100km100kg","BAU","Light truck","CNG","CNG & LPG",2022,0.293206124760287
"FRV","L/100km100kg","BAU","Light truck","CNG","CNG & LPG",2023,0.291453371588413
"FRV","L/100km100kg","BAU","Light truck","CNG","CNG & LPG",2024,0.289717816533361
"FRV","L/100km100kg","BAU","Light truck","CNG","CNG & LPG",2025,0.287999225160084
"FRV","L/100km100kg","BAU","Light truck","CNG","CNG & LPG",2026,0.287515653808619
"FRV","L/100km100kg","BAU","Light truck","CNG","CNG & LPG",2027,0.287034246087362
"FRV","L/100km100kg","BAU","Light truck","CNG","CNG & LPG",2028,0.286554987507718
"FRV","L/100km100kg","BAU","Light truck","CNG","CNG & LPG",2029,0.286077863710167
"FRV","L/100km100kg","BAU","Light truck","CNG","CNG & LPG",2030,0.285602860462827
"FRV","L/100km100kg","BAU","Light truck","CNG","CNG & LPG",2031,0.285040681534319
"FRV","L/100km100kg","BAU","Light truck","CNG","CNG & LPG",2032,0.284480326636703
"FRV","L/100km100kg","BAU","Light truck","CNG","CNG & LPG",2033,0.283921785847923
"FRV","L/100km100kg","BAU","Light truck","CNG","CNG & LPG",2034,0.283365051816888
"FRV","L/100km100kg","BAU","Light truck","CNG","CNG & LPG",2035,0.282810117229339
"FRV","L/100km100kg","BAU","Light truck","CNG","CNG & LPG",2036,0.282256972322496
"FRV","L/100km100kg","BAU","Light truck","CNG","CNG & LPG",2037,0.281705609879116
"FRV","L/100km100kg","BAU","Light truck","CNG","CNG & LPG",2038,0.281156022717915
"FRV","L/100km100kg","BAU","Light truck","CNG","CNG & LPG",2039,0.280608201232129
"FRV","L/100km100kg","BAU","Light truck","CNG","CNG & LPG",2040,0.280062138335453
"FRV","L/100km100kg","BAU","Light truck","CNG","CNG & LPG",2041,0.279517826976698
"FRV","L/100km100kg","BAU","Light truck","CNG","CNG & LPG",2042,0.278975257701937
"FRV","L/100km100kg","BAU","Light truck","CNG","CNG & LPG",2043,0.278434423552971
"FRV","L/100km100kg","BAU","Light truck","CNG","CNG & LPG",2044,0.277895317605897
"FRV","L/100km100kg","BAU","Light truck","CNG","CNG & LPG",2045,0.277357930556521
"FRV","L/100km100kg","BAU","Light truck","CNG","CNG & LPG",2046,0.277357930556521
"FRV","L/100km100kg","BAU","Light truck","CNG","CNG & LPG",2047,0.277357930556521
"FRV","L/100km100kg","BAU","Light truck","CNG","CNG & LPG",2048,0.277357930556521
"FRV","L/100km100kg","BAU","Light truck","CNG","CNG & LPG",2049,0.277357930556521
"FRV","L/100km100kg","BAU","Light truck","CNG","CNG & LPG",2050,0.277357930556521
"FRV","L/100km100kg","BAU","Car","HEV","E10",2016,0.245409444174411
"FRV","L/100km100kg","BAU","Car","HEV","E10",2017,0.240886202788483
"FRV","L/100km100kg","BAU","Car","HEV","E10",2018,0.236540259845008
"FRV","L/100km100kg","BAU","Car","HEV","E10",2019,0.232361298943853
"FRV","L/100km100kg","BAU","Car","HEV","E10",2020,0.228339789597893
"FRV","L/100km100kg","BAU","Car","HEV","E10",2021,0.226007847592427
"FRV","L/100km100kg","BAU","Car","HEV","E10",2022,0.223719799478828
"FRV","L/100km100kg","BAU","Car","HEV","E10",2023,0.221474427037878
"FRV","L/100km100kg","BAU","Car","HEV","E10",2024,0.219270556720011
"FRV","L/100km100kg","BAU","Car","HEV","E10",2025,0.217107057615541
"FRV","L/100km100kg","BAU","Car","HEV","E10",2026,0.214038680683853
"FRV","L/100km100kg","BAU","Car","HEV","E10",2027,0.211006147437058
"FRV","L/100km100kg","BAU","Car","HEV","E10",2028,0.208008927875086
"FRV","L/100km100kg","BAU","Car","HEV","E10",2029,0.205046501828477
"FRV","L/100km100kg","BAU","Car","HEV","E10",2030,0.202118358736471
"FRV","L/100km100kg","BAU","Car","HEV","E10",2031,0.201471491120719
"FRV","L/100km100kg","BAU","Car","HEV","E10",2032,0.200828462441883
"FRV","L/100km100kg","BAU","Car","HEV","E10",2033,0.200189239354664
"FRV","L/100km100kg","BAU","Car","HEV","E10",2034,0.199553788235228
"FRV","L/100km100kg","BAU","Car","HEV","E10",2035,0.1989220758568
"FRV","L/100km100kg","BAU","Car","HEV","E10",2036,0.198294070032266
"FRV","L/100km100kg","BAU","Car","HEV","E10",2037,0.197669738295538
"FRV","L/100km100kg","BAU","Car","HEV","E10",2038,0.19704904856065
"FRV","L/100km100kg","BAU","Car","HEV","E10",2039,0.196431969748846
"FRV","L/100km100kg","BAU","Car","HEV","E10",2040,0.195818470502333
"FRV","L/100km100kg","BAU","Car","HEV","E10",2041,0.195208519827361
"FRV","L/100km100kg","BAU","Car","HEV","E10",2042,0.194602087706259
"FRV","L/100km100kg","BAU","Car","HEV","E10",2043,0.193999143842589
"FRV","L/100km100kg","BAU","Car","HEV","E10",2044,0.193399658288692
"FRV","L/100km100kg","BAU","Car","HEV","E10",2045,0.192803602043101
"FRV","L/100km100kg","BAU","Car","HEV","E10",2046,0.192803602043101
"FRV","L/100km100kg","BAU","Car","HEV","E10",2047,0.192803602043101
"FRV","L/100km100kg","BAU","Car","HEV","E10",2048,0.192803602043101
"FRV","L/100km100kg","BAU","Car","HEV","E10",2049,0.192803602043101
"FRV","L/100km100kg","BAU","Car","HEV","E10",2050,0.192803602043101
"FRV","L/100km100kg","BAU","Light truck","HEV","E10",2016,0.25368182420728
"FRV","L/100km100kg","BAU","Light truck","HEV","E10",2017,0.246976134109723
"FRV","L/100km100kg","BAU","Light truck","HEV","E10",2018,0.240526966487644
"FRV","L/100km100kg","BAU","Light truck","HEV","E10",2019,0.234319435657235
"FRV","L/100km100kg","BAU","Light truck","HEV","E10",2020,0.228339789597893
"FRV","L/100km100kg","BAU","Light truck","HEV","E10",2021,0.226007847592427
"FRV","L/100km100kg","BAU","Light truck","HEV","E10",2022,0.223719799478828
"FRV","L/100km100kg","BAU","Light truck","HEV","E10",2023,0.221474427037878
"FRV","L/100km100kg","BAU","Light truck","HEV","E10",2024,0.219270556720011
"FRV","L/100km100kg","BAU","Light truck","HEV","E10",2025,0.217107057615541
"FRV","L/100km100kg","BAU","Light truck","HEV","E10",2026,0.21584990590784
"FRV","L/100km100kg","BAU","Light truck","HEV","E10",2027,0.214605146420866
"FRV","L/100km100kg","BAU","Light truck","HEV","E10",2028,0.21337260632429
"FRV","L/100km100kg","BAU","Light truck","HEV","E10",2029,0.212152115919998
"FRV","L/100km100kg","BAU","Light truck","HEV","E10",2030,0.210943508572069
"FRV","L/100km100kg","BAU","Light truck","HEV","E10",2031,0.210266225127881
"FRV","L/100km100kg","BAU","Light truck","HEV","E10",2032,0.209592963173947
"FRV","L/100km100kg","BAU","Light truck","HEV","E10",2033,0.208923687768463
"FRV","L/100km100kg","BAU","Light truck","HEV","E10",2034,0.208258363690264
"FRV","L/100km100kg","BAU","Light truck","HEV","E10",2035,0.207596956134093
"FRV","L/100km100kg","BAU","Light truck","HEV","E10",2036,0.206939431371602
"FRV","L/100km100kg","BAU","Light truck","HEV","E10",2037,0.206285755394473
"FRV","L/100km100kg","BAU","Light truck","HEV","E10",2038,0.20563589459255
"FRV","L/100km100kg","BAU","Light truck","HEV","E10",2039,0.204989816398743
"FRV","L/100km100kg","BAU","Light truck","HEV","E10",2040,0.204347487965771
"FRV","L/100km100kg","BAU","Light truck","HEV","E10",2041,0.203708876827677
"FRV","L/100km100kg","BAU","Light truck","HEV","E10",2042,0.203073951529096
"FRV","L/100km100kg","BAU","Light truck","HEV","E10",2043,0.202442680334614
"FRV","L/100km100kg","BAU","Light truck","HEV","E10",2044,0.201815031874149
"FRV","L/100km100kg","BAU","Light truck","HEV","E10",2045,0.201190975757043
"FRV","L/100km100kg","BAU","Light truck","HEV","E10",2046,0.201190975757043
"FRV","L/100km100kg","BAU","Light truck","HEV","E10",2047,0.201190975757043
"FRV","L/100km100kg","BAU","Light truck","HEV","E10",2048,0.201190975757043
"FRV","L/100km100kg","BAU","Light truck","HEV","E10",2049,0.201190975757043
"FRV","L/100km100kg","BAU","Light truck","HEV","E10",2050,0.201190975757043
"FRV","L/100km100kg","BAU","Car","PHEV20","E10",2016,0.245409444174411
"FRV","L/100km100kg","BAU","Car","PHEV20","E10",2017,0.240886202788483
"FRV","L/100km100kg","BAU","Car","PHEV20","E10",2018,0.236540259845008
"FRV","L/100km100kg","BAU","Car","PHEV20","E10",2019,0.232361298943853
"FRV","L/100km100kg","BAU","Car","PHEV20","E10",2020,0.228339789597893
"FRV","L/100km100kg","BAU","Car","PHEV20","E10",2021,0.226007847592427
"FRV","L/100km100kg","BAU","Car","PHEV20","E10",2022,0.223719799478828
"FRV","L/100km100kg","BAU","Car","PHEV20","E10",2023,0.221474427037878
"FRV","L/100km100kg","BAU","Car","PHEV20","E10",2024,0.219270556720011
"FRV","L/100km100kg","BAU","Car","PHEV20","E10",2025,0.217107057615541
"FRV","L/100km100kg","BAU","Car","PHEV20","E10",2026,0.214038680683853
"FRV","L/100km100kg","BAU","Car","PHEV20","E10",2027,0.211006147437058
"FRV","L/100km100kg","BAU","Car","PHEV20","E10",2028,0.208008927875086
"FRV","L/100km100kg","BAU","Car","PHEV20","E10",2029,0.205046501828476
"FRV","L/100km100kg","BAU","Car","PHEV20","E10",2030,0.202118358736471
"FRV","L/100km100kg","BAU","Car","PHEV20","E10",2031,0.201471491120719
"FRV","L/100km100kg","BAU","Car","PHEV20","E10",2032,0.200828462441883
"FRV","L/100km100kg","BAU","Car","PHEV20","E10",2033,0.200189239354664
"FRV","L/100km100kg","BAU","Car","PHEV20","E10",2034,0.199553788235228
"FRV","L/100km100kg","BAU","Car","PHEV20","E10",2035,0.1989220758568
"FRV","L/100km100kg","BAU","Car","PHEV20","E10",2036,0.198294070032266
"FRV","L/100km100kg","BAU","Car","PHEV20","E10",2037,0.197669738295538
"FRV","L/100km100kg","BAU","Car","PHEV20","E10",2038,0.19704904856065
"FRV","L/100km100kg","BAU","Car","PHEV20","E10",2039,0.196431969748846
"FRV","L/100km100kg","BAU","Car","PHEV20","E10",2040,0.195818470502333
"FRV","L/100km100kg","BAU","Car","PHEV20","E10",2041,0.195208519827361
"FRV","L/100km100kg","BAU","Car","PHEV20","E10",2042,0.194602087706259
"FRV","L/100km100kg","BAU","Car","PHEV20","E10",2043,0.193999143842589
"FRV","L/100km100kg","BAU","Car","PHEV20","E10",2044,0.193399658288692
"FRV","L/100km100kg","BAU","Car","PHEV20","E10",2045,0.192803602043101
"FRV","L/100km100kg","BAU","Car","PHEV20","E10",2046,0.192803602043101
"FRV","L/100km100kg","BAU","Car","PHEV20","E10",2047,0.192803602043101
"FRV","L/100km100kg","BAU","Car","PHEV20","E10",2048,0.192803602043101
"FRV","L/100km100kg","BAU","Car","PHEV20","E10",2049,0.192803602043101
"FRV","L/100km100kg","BAU","Car","PHEV20","E10",2050,0.192803602043101
"FRV","kWh/100km100kg","BAU","Car","PHEV20","Electricity",2016,0.0803574352272159
"FRV","kWh/100km100kg","BAU","Car","PHEV20","Electricity",2017,0.0801835013847327
"FRV","kWh/100km100kg","BAU","Car","PHEV20","Electricity",2018,0.0800103188763424
"FRV","kWh/100km100kg","BAU","Car","PHEV20","Electricity",2019,0.0798378828442812
"FRV","kWh/100km100kg","BAU","Car","PHEV20","Electricity",2020,0.0796661884725732
"FRV","kWh/100km100kg","BAU","Car","PHEV20","Electricity",2021,0.0793149696918264
"FRV","kWh/100km100kg","BAU","Car","PHEV20","Electricity",2022,0.0789660689754013
"FRV","kWh/100km100kg","BAU","Car","PHEV20","Electricity",2023,0.0786194659638463
"FRV","kWh/100km100kg","BAU","Car","PHEV20","Electricity",2024,0.0782751405207959
"FRV","kWh/100km100kg","BAU","Car","PHEV20","Electricity",2025,0.0779330727300429
"FRV","kWh/100km100kg","BAU","Car","PHEV20","Electricity",2026,0.076639341732092
"FRV","kWh/100km100kg","BAU","Car","PHEV20","Electricity",2027,0.0753561301288192
"FRV","kWh/100km100kg","BAU","Car","PHEV20","Electricity",2028,0.0740833375391874
"FRV","kWh/100km100kg","BAU","Car","PHEV20","Electricity",2029,0.0728208647285065
"FRV","kWh/100km100kg","BAU","Car","PHEV20","Electricity",2030,0.0715686135930493
"FRV","kWh/100km100kg","BAU","Car","PHEV20","Electricity",2031,0.0714654877745739
"FRV","kWh/100km100kg","BAU","Car","PHEV20","Electricity",2032,0.0713625849004548
"FRV","kWh/100km100kg","BAU","Car","PHEV20","Electricity",2033,0.071259904020544
"FRV","kWh/100km100kg","BAU","Car","PHEV20","Electricity",2034,0.0711574446502306
"FRV","kWh/100km100kg","BAU","Car","PHEV20","Electricity",2035,0.071055206305872
"FRV","kWh/100km100kg","BAU","Car","PHEV20","Electricity",2036,0.0709531880462065
"FRV","kWh/100km100kg","BAU","Car","PHEV20","Electricity",2037,0.0708513893924872
"FRV","kWh/100km100kg","BAU","Car","PHEV20","Electricity",2038,0.0707498098669178
"FRV","kWh/100km100kg","BAU","Car","PHEV20","Electricity",2039,0.0706484485370164
"FRV","kWh/100km100kg","BAU","Car","PHEV20","Electricity",2040,0.0705473049298211
"FRV","kWh/100km100kg","BAU","Car","PHEV20","Electricity",2041,0.0704463785733024
"FRV","kWh/100km100kg","BAU","Car","PHEV20","Electricity",2042,0.0703456685436541
"FRV","kWh/100km100kg","BAU","Car","PHEV20","Electricity",2043,0.0702451743736207
"FRV","kWh/100km100kg","BAU","Car","PHEV20","Electricity",2044,0.0701448955968612
"FRV","kWh/100km100kg","BAU","Car","PHEV20","Electricity",2045,0.0700448312981424
"FRV","kWh/100km100kg","BAU","Car","PHEV20","Electricity",2046,0.0700448312981424
"FRV","kWh/100km100kg","BAU","Car","PHEV20","Electricity",2047,0.0700448312981424
"FRV","kWh/100km100kg","BAU","Car","PHEV20","Electricity",2048,0.0700448312981424
"FRV","kWh/100km100kg","BAU","Car","PHEV20","Electricity",2049,0.0700448312981424
"FRV","kWh/100km100kg","BAU","Car","PHEV20","Electricity",2050,0.0700448312981424
"FRV","L/100km100kg","BAU","Light truck","PHEV20","E10",2016,0.25368182420728
"FRV","L/100km100kg","BAU","Light truck","PHEV20","E10",2017,0.246976134109723
"FRV","L/100km100kg","BAU","Light truck","PHEV20","E10",2018,0.240526966487644
"FRV","L/100km100kg","BAU","Light truck","PHEV20","E10",2019,0.234319435657235
"FRV","L/100km100kg","BAU","Light truck","PHEV20","E10",2020,0.228339789597893
"FRV","L/100km100kg","BAU","Light truck","PHEV20","E10",2021,0.226007847592427
"FRV","L/100km100kg","BAU","Light truck","PHEV20","E10",2022,0.223719799478828
"FRV","L/100km100kg","BAU","Light truck","PHEV20","E10",2023,0.221474427037878
"FRV","L/100km100kg","BAU","Light truck","PHEV20","E10",2024,0.219270556720011
"FRV","L/100km100kg","BAU","Light truck","PHEV20","E10",2025,0.217107057615541
"FRV","L/100km100kg","BAU","Light truck","PHEV20","E10",2026,0.21584990590784
"FRV","L/100km100kg","BAU","Light truck","PHEV20","E10",2027,0.214605146420866
"FRV","L/100km100kg","BAU","Light truck","PHEV20","E10",2028,0.21337260632429
"FRV","L/100km100kg","BAU","Light truck","PHEV20","E10",2029,0.212152115919999
"FRV","L/100km100kg","BAU","Light truck","PHEV20","E10",2030,0.210943508572069
"FRV","L/100km100kg","BAU","Light truck","PHEV20","E10",2031,0.210266225127881
"FRV","L/100km100kg","BAU","Light truck","PHEV20","E10",2032,0.209592963173947
"FRV","L/100km100kg","BAU","Light truck","PHEV20","E10",2033,0.208923687768463
"FRV","L/100km100kg","BAU","Light truck","PHEV20","E10",2034,0.208258363690264
"FRV","L/100km100kg","BAU","Light truck","PHEV20","E10",2035,0.207596956134093
"FRV","L/100km100kg","BAU","Light truck","PHEV20","E10",2036,0.206939431371602
"FRV","L/100km100kg","BAU","Light truck","PHEV20","E10",2037,0.206285755394473
"FRV","L/100km100kg","BAU","Light truck","PHEV20","E10",2038,0.205635894592551
"FRV","L/100km100kg","BAU","Light truck","PHEV20","E10",2039,0.204989816398743
"FRV","L/100km100kg","BAU","Light truck","PHEV20","E10",2040,0.204347487965771
"FRV","L/100km100kg","BAU","Light truck","PHEV20","E10",2041,0.203708876827677
"FRV","L/100km100kg","BAU","Light truck","PHEV20","E10",2042,0.203073951529096
"FRV","L/100km100kg","BAU","Light truck","PHEV20","E10",2043,0.202442680334614
"FRV","L/100km100kg","BAU","Light truck","PHEV20","E10",2044,0.201815031874149
"FRV","L/100km100kg","BAU","Light truck","PHEV20","E10",2045,0.201190975757043
"FRV","L/100km100kg","BAU","Light truck","PHEV20","E10",2046,0.201190975757043
"FRV","L/100km100kg","BAU","Light truck","PHEV20","E10",2047,0.201190975757043
"FRV","L/100km100kg","BAU","Light truck","PHEV20","E10",2048,0.201190975757043
"FRV","L/100km100kg","BAU","Light truck","PHEV20","E10",2049,0.201190975757043
"FRV","L/100km100kg","BAU","Light truck","PHEV20","E10",2050,0.201190975757043
"FRV","kWh/100km100kg","BAU","Light truck","PHEV20","Electricity",2016,0.0843089674929393
"FRV","kWh/100km100kg","BAU","Light truck","PHEV20","Electricity",2017,0.0831407357589187
"FRV","kWh/100km100kg","BAU","Light truck","PHEV20","Electricity",2018,0.0819775503822803
"FRV","kWh/100km100kg","BAU","Light truck","PHEV20","Electricity",2019,0.0808193787357137
"FRV","kWh/100km100kg","BAU","Light truck","PHEV20","Electricity",2020,0.0796661884725732
"FRV","kWh/100km100kg","BAU","Light truck","PHEV20","Electricity",2021,0.0793149696918264
"FRV","kWh/100km100kg","BAU","Light truck","PHEV20","Electricity",2022,0.0789660689754013
"FRV","kWh/100km100kg","BAU","Light truck","PHEV20","Electricity",2023,0.0786194659638463
"FRV","kWh/100km100kg","BAU","Light truck","PHEV20","Electricity",2024,0.0782751405207959
"FRV","kWh/100km100kg","BAU","Light truck","PHEV20","Electricity",2025,0.0779330727300429
"FRV","kWh/100km100kg","BAU","Light truck","PHEV20","Electricity",2026,0.077593242892655
"FRV","kWh/100km100kg","BAU","Light truck","PHEV20","Electricity",2027,0.0772556315241368
"FRV","kWh/100km100kg","BAU","Light truck","PHEV20","Electricity",2028,0.0769202193516331
"FRV","kWh/100km100kg","BAU","Light truck","PHEV20","Electricity",2029,0.0765869873111766
"FRV","kWh/100km100kg","BAU","Light truck","PHEV20","Electricity",2030,0.0762559165449754
"FRV","kWh/100km100kg","BAU","Light truck","PHEV20","Electricity",2031,0.0761460366211862
"FRV","kWh/100km100kg","BAU","Light truck","PHEV20","Electricity",2032,0.0760363942432342
"FRV","kWh/100km100kg","BAU","Light truck","PHEV20","Electricity",2033,0.0759269883987426
"FRV","kWh/100km100kg","BAU","Light truck","PHEV20","Electricity",2034,0.0758178185713614
"FRV","kWh/100km100kg","BAU","Light truck","PHEV20","Electricity",2035,0.0757088842457724
"FRV","kWh/100km100kg","BAU","Light truck","PHEV20","Electricity",2036,0.0756001844190668
"FRV","kWh/100km100kg","BAU","Light truck","PHEV20","Electricity",2037,0.0754917185811431
"FRV","kWh/100km100kg","BAU","Light truck","PHEV20","Electricity",2038,0.075383486222912
"FRV","kWh/100km100kg","BAU","Light truck","PHEV20","Electricity",2039,0.07527548635082
"FRV","kWh/100km100kg","BAU","Light truck","PHEV20","Electricity",2040,0.0751677184609292
"FRV","kWh/100km100kg","BAU","Light truck","PHEV20","Electricity",2041,0.0750601820502947
"FRV","kWh/100km100kg","BAU","Light truck","PHEV20","Electricity",2042,0.0749528761346072
"FRV","kWh/100km100kg","BAU","Light truck","PHEV20","Electricity",2043,0.0748458002160082
"FRV","kWh/100km100kg","BAU","Light truck","PHEV20","Electricity",2044,0.0747389537976147
"FRV","kWh/100km100kg","BAU","Light truck","PHEV20","Electricity",2045,0.0746323359042513
"FRV","kWh/100km100kg","BAU","Light truck","PHEV20","Electricity",2046,0.0746323359042513
"FRV","kWh/100km100kg","BAU","Light truck","PHEV20","Electricity",2047,0.0746323359042513
"FRV","kWh/100km100kg","BAU","Light truck","PHEV20","Electricity",2048,0.0746323359042513
"FRV","kWh/100km100kg","BAU","Light truck","PHEV20","Electricity",2049,0.0746323359042513
"FRV","kWh/100km100kg","BAU","Light truck","PHEV20","Electricity",2050,0.0746323359042513
"FRV","L/100km100kg","BAU","Car","PHEV40","E10",2016,0.245409444174411
"FRV","L/100km100kg","BAU","Car","PHEV40","E10",2017,0.240886202788483
"FRV","L/100km100kg","BAU","Car","PHEV40","E10",2018,0.236540259845008
"FRV","L/100km100kg","BAU","Car","PHEV40","E10",2019,0.232361298943853
"FRV","L/100km100kg","BAU","Car","PHEV40","E10",2020,0.228339789597893
"FRV","L/100km100kg","BAU","Car","PHEV40","E10",2021,0.226007847592427
"FRV","L/100km100kg","BAU","Car","PHEV40","E10",2022,0.223719799478828
"FRV","L/100km100kg","BAU","Car","PHEV40","E10",2023,0.221474427037878
"FRV","L/100km100kg","BAU","Car","PHEV40","E10",2024,0.219270556720011
"FRV","L/100km100kg","BAU","Car","PHEV40","E10",2025,0.217107057615541
"FRV","L/100km100kg","BAU","Car","PHEV40","E10",2026,0.214038680683853
"FRV","L/100km100kg","BAU","Car","PHEV40","E10",2027,0.211006147437058
"FRV","L/100km100kg","BAU","Car","PHEV40","E10",2028,0.208008927875086
"FRV","L/100km100kg","BAU","Car","PHEV40","E10",2029,0.205046501828477
"FRV","L/100km100kg","BAU","Car","PHEV40","E10",2030,0.202118358736471
"FRV","L/100km100kg","BAU","Car","PHEV40","E10",2031,0.201471491120719
"FRV","L/100km100kg","BAU","Car","PHEV40","E10",2032,0.200828462441883
"FRV","L/100km100kg","BAU","Car","PHEV40","E10",2033,0.200189239354664
"FRV","L/100km100kg","BAU","Car","PHEV40","E10",2034,0.199553788235228
"FRV","L/100km100kg","BAU","Car","PHEV40","E10",2035,0.1989220758568
"FRV","L/100km100kg","BAU","Car","PHEV40","E10",2036,0.198294070032266
"FRV","L/100km100kg","BAU","Car","PHEV40","E10",2037,0.197669738295538
"FRV","L/100km100kg","BAU","Car","PHEV40","E10",2038,0.19704904856065
"FRV","L/100km100kg","BAU","Car","PHEV40","E10",2039,0.196431969748846
"FRV","L/100km100kg","BAU","Car","PHEV40","E10",2040,0.195818470502333
"FRV","L/100km100kg","BAU","Car","PHEV40","E10",2041,0.195208519827361
"FRV","L/100km100kg","BAU","Car","PHEV40","E10",2042,0.194602087706259
"FRV","L/100km100kg","BAU","Car","PHEV40","E10",2043,0.193999143842589
"FRV","L/100km100kg","BAU","Car","PHEV40","E10",2044,0.193399658288692
"FRV","L/100km100kg","BAU","Car","PHEV40","E10",2045,0.192803602043101
"FRV","L/100km100kg","BAU","Car","PHEV40","E10",2046,0.192803602043101
"FRV","L/100km100kg","BAU","Car","PHEV40","E10",2047,0.192803602043101
"FRV","L/100km100kg","BAU","Car","PHEV40","E10",2048,0.192803602043101
"FRV","L/100km100kg","BAU","Car","PHEV40","E10",2049,0.192803602043101
"FRV","L/100km100kg","BAU","Car","PHEV40","E10",2050,0.192803602043101
"FRV","kWh/100km100kg","BAU","Car","PHEV40","Electricity",2016,0.0803574352272159
"FRV","kWh/100km100kg","BAU","Car","PHEV40","Electricity",2017,0.0801835013847327
"FRV","kWh/100km100kg","BAU","Car","PHEV40","Electricity",2018,0.0800103188763424
"FRV","kWh/100km100kg","BAU","Car","PHEV40","Electricity",2019,0.0798378828442813
"FRV","kWh/100km100kg","BAU","Car","PHEV40","Electricity",2020,0.0796661884725732
"FRV","kWh/100km100kg","BAU","Car","PHEV40","Electricity",2021,0.0793149696918264
"FRV","kWh/100km100kg","BAU","Car","PHEV40","Electricity",2022,0.0789660689754013
"FRV","kWh/100km100kg","BAU","Car","PHEV40","Electricity",2023,0.0786194659638463
"FRV","kWh/100km100kg","BAU","Car","PHEV40","Electricity",2024,0.0782751405207959
"FRV","kWh/100km100kg","BAU","Car","PHEV40","Electricity",2025,0.0779330727300429
"FRV","kWh/100km100kg","BAU","Car","PHEV40","Electricity",2026,0.076639341732092
"FRV","kWh/100km100kg","BAU","Car","PHEV40","Electricity",2027,0.0753561301288192
"FRV","kWh/100km100kg","BAU","Car","PHEV40","Electricity",2028,0.0740833375391874
"FRV","kWh/100km100kg","BAU","Car","PHEV40","Electricity",2029,0.0728208647285065
"FRV","kWh/100km100kg","BAU","Car","PHEV40","Electricity",2030,0.0715686135930493
"FRV","kWh/100km100kg","BAU","Car","PHEV40","Electricity",2031,0.071465487774574
"FRV","kWh/100km100kg","BAU","Car","PHEV40","Electricity",2032,0.0713625849004548
"FRV","kWh/100km100kg","BAU","Car","PHEV40","Electricity",2033,0.071259904020544
"FRV","kWh/100km100kg","BAU","Car","PHEV40","Electricity",2034,0.0711574446502306
"FRV","kWh/100km100kg","BAU","Car","PHEV40","Electricity",2035,0.071055206305872
"FRV","kWh/100km100kg","BAU","Car","PHEV40","Electricity",2036,0.0709531880462065
"FRV","kWh/100km100kg","BAU","Car","PHEV40","Electricity",2037,0.0708513893924872
"FRV","kWh/100km100kg","BAU","Car","PHEV40","Electricity",2038,0.0707498098669177
"FRV","kWh/100km100kg","BAU","Car","PHEV40","Electricity",2039,0.0706484485370164
"FRV","kWh/100km100kg","BAU","Car","PHEV40","Electricity",2040,0.0705473049298211
"FRV","kWh/100km100kg","BAU","Car","PHEV40","Electricity",2041,0.0704463785733024
"FRV","kWh/100km100kg","BAU","Car","PHEV40","Electricity",2042,0.0703456685436542
"FRV","kWh/100km100kg","BAU","Car","PHEV40","Electricity",2043,0.0702451743736207
"FRV","kWh/100km100kg","BAU","Car","PHEV40","Electricity",2044,0.0701448955968612
"FRV","kWh/100km100kg","BAU","Car","PHEV40","Electricity",2045,0.0700448312981424
"FRV","kWh/100km100kg","BAU","Car","PHEV40","Electricity",2046,0.0700448312981424
"FRV","kWh/100km100kg","BAU","Car","PHEV40","Electricity",2047,0.0700448312981424
"FRV","kWh/100km100kg","BAU","Car","PHEV40","Electricity",2048,0.0700448312981424
"FRV","kWh/100km100kg","BAU","Car","PHEV40","Electricity",2049,0.0700448312981424
"FRV","kWh/100km100kg","BAU","Car","PHEV40","Electricity",2050,0.0700448312981424
"FRV","L/100km100kg","BAU","Light truck","PHEV40","E10",2016,0.25368182420728
"FRV","L/100km100kg","BAU","Light truck","PHEV40","E10",2017,0.246976134109723
"FRV","L/100km100kg","BAU","Light truck","PHEV40","E10",2018,0.240526966487644
"FRV","L/100km100kg","BAU","Light truck","PHEV40","E10",2019,0.234319435657235
"FRV","L/100km100kg","BAU","Light truck","PHEV40","E10",2020,0.228339789597893
"FRV","L/100km100kg","BAU","Light truck","PHEV40","E10",2021,0.226007847592427
"FRV","L/100km100kg","BAU","Light truck","PHEV40","E10",2022,0.223719799478828
"FRV","L/100km100kg","BAU","Light truck","PHEV40","E10",2023,0.221474427037878
"FRV","L/100km100kg","BAU","Light truck","PHEV40","E10",2024,0.219270556720011
"FRV","L/100km100kg","BAU","Light truck","PHEV40","E10",2025,0.217107057615541
"FRV","L/100km100kg","BAU","Light truck","PHEV40","E10",2026,0.21584990590784
"FRV","L/100km100kg","BAU","Light truck","PHEV40","E10",2027,0.214605146420866
"FRV","L/100km100kg","BAU","Light truck","PHEV40","E10",2028,0.21337260632429
"FRV","L/100km100kg","BAU","Light truck","PHEV40","E10",2029,0.212152115919999
"FRV","L/100km100kg","BAU","Light truck","PHEV40","E10",2030,0.210943508572069
"FRV","L/100km100kg","BAU","Light truck","PHEV40","E10",2031,0.210266225127881
"FRV","L/100km100kg","BAU","Light truck","PHEV40","E10",2032,0.209592963173947
"FRV","L/100km100kg","BAU","Light truck","PHEV40","E10",2033,0.208923687768463
"FRV","L/100km100kg","BAU","Light truck","PHEV40","E10",2034,0.208258363690264
"FRV","L/100km100kg","BAU","Light truck","PHEV40","E10",2035,0.207596956134093
"FRV","L/100km100kg","BAU","Light truck","PHEV40","E10",2036,0.206939431371602
"FRV","L/100km100kg","BAU","Light truck","PHEV40","E10",2037,0.206285755394473
"FRV","L/100km100kg","BAU","Light truck","PHEV40","E10",2038,0.20563589459255
"FRV","L/100km100kg","BAU","Light truck","PHEV40","E10",2039,0.204989816398743
"FRV","L/100km100kg","BAU","Light truck","PHEV40","E10",2040,0.204347487965771
"FRV","L/100km100kg","BAU","Light truck","PHEV40","E10",2041,0.203708876827677
"FRV","L/100km100kg","BAU","Light truck","PHEV40","E10",2042,0.203073951529096
"FRV","L/100km100kg","BAU","Light truck","PHEV40","E10",2043,0.202442680334614
"FRV","L/100km100kg","BAU","Light truck","PHEV40","E10",2044,0.201815031874149
"FRV","L/100km100kg","BAU","Light truck","PHEV40","E10",2045,0.201190975757043
"FRV","L/100km100kg","BAU","Light truck","PHEV40","E10",2046,0.201190975757043
"FRV","L/100km100kg","BAU","Light truck","PHEV40","E10",2047,0.201190975757043
"FRV","L/100km100kg","BAU","Light truck","PHEV40","E10",2048,0.201190975757043
"FRV","L/100km100kg","BAU","Light truck","PHEV40","E10",2049,0.201190975757043
"FRV","L/100km100kg","BAU","Light truck","PHEV40","E10",2050,0.201190975757043
"FRV","kWh/100km100kg","BAU","Light truck","PHEV40","Electricity",2016,0.0843089674929393
"FRV","kWh/100km100kg","BAU","Light truck","PHEV40","Electricity",2017,0.0831407357589187
"FRV","kWh/100km100kg","BAU","Light truck","PHEV40","Electricity",2018,0.0819775503822803
"FRV","kWh/100km100kg","BAU","Light truck","PHEV40","Electricity",2019,0.0808193787357137
"FRV","kWh/100km100kg","BAU","Light truck","PHEV40","Electricity",2020,0.0796661884725732
"FRV","kWh/100km100kg","BAU","Light truck","PHEV40","Electricity",2021,0.0793149696918264
"FRV","kWh/100km100kg","BAU","Light truck","PHEV40","Electricity",2022,0.0789660689754013
"FRV","kWh/100km100kg","BAU","Light truck","PHEV40","Electricity",2023,0.0786194659638463
"FRV","kWh/100km100kg","BAU","Light truck","PHEV40","Electricity",2024,0.0782751405207959
"FRV","kWh/100km100kg","BAU","Light truck","PHEV40","Electricity",2025,0.0779330727300429
"FRV","kWh/100km100kg","BAU","Light truck","PHEV40","Electricity",2026,0.077593242892655
"FRV","kWh/100km100kg","BAU","Light truck","PHEV40","Electricity",2027,0.0772556315241368
"FRV","kWh/100km100kg","BAU","Light truck","PHEV40","Electricity",2028,0.0769202193516331
"FRV","kWh/100km100kg","BAU","Light truck","PHEV40","Electricity",2029,0.0765869873111766
"FRV","kWh/100km100kg","BAU","Light truck","PHEV40","Electricity",2030,0.0762559165449753
"FRV","kWh/100km100kg","BAU","Light truck","PHEV40","Electricity",2031,0.0761460366211863
"FRV","kWh/100km100kg","BAU","Light truck","PHEV40","Electricity",2032,0.0760363942432342
"FRV","kWh/100km100kg","BAU","Light truck","PHEV40","Electricity",2033,0.0759269883987426
"FRV","kWh/100km100kg","BAU","Light truck","PHEV40","Electricity",2034,0.0758178185713614
"FRV","kWh/100km100kg","BAU","Light truck","PHEV40","Electricity",2035,0.0757088842457724
"FRV","kWh/100km100kg","BAU","Light truck","PHEV40","Electricity",2036,0.0756001844190667
"FRV","kWh/100km100kg","BAU","Light truck","PHEV40","Electricity",2037,0.0754917185811431
"FRV","kWh/100km100kg","BAU","Light truck","PHEV40","Electricity",2038,0.075383486222912
"FRV","kWh/100km100kg","BAU","Light truck","PHEV40","Electricity",2039,0.07527548635082
"FRV","kWh/100km100kg","BAU","Light truck","PHEV40","Electricity",2040,0.0751677184609292
"FRV","kWh/100km100kg","BAU","Light truck","PHEV40","Electricity",2041,0.0750601820502948
"FRV","kWh/100km100kg","BAU","Light truck","PHEV40","Electricity",2042,0.0749528761346072
"FRV","kWh/100km100kg","BAU","Light truck","PHEV40","Electricity",2043,0.0748458002160082
"FRV","kWh/100km100kg","BAU","Light truck","PHEV40","Electricity",2044,0.0747389537976147
"FRV","kWh/100km100kg","BAU","Light truck","PHEV40","Electricity",2045,0.0746323359042513
"FRV","kWh/100km100kg","BAU","Light truck","PHEV40","Electricity",2046,0.0746323359042513
"FRV","kWh/100km100kg","BAU","Light truck","PHEV40","Electricity",2047,0.0746323359042513
"FRV","kWh/100km100kg","BAU","Light truck","PHEV40","Electricity",2048,0.0746323359042513
"FRV","kWh/100km100kg","BAU","Light truck","PHEV40","Electricity",2049,0.0746323359042513
"FRV","kWh/100km100kg","BAU","Light truck","PHEV40","Electricity",2050,0.0746323359042513
"FRV","L/100km100kg","BAU","Car","FCV","Hydrogen",2016,0.123072350962613
"FRV","L/100km100kg","BAU","Car","FCV","Hydrogen",2017,0.120667028142497
"FRV","L/100km100kg","BAU","Car","FCV","Hydrogen",2018,0.118353922171714
"FRV","L/100km100kg","BAU","Car","FCV","Hydrogen",2019,0.116127829591682
"FRV","L/100km100kg","BAU","Car","FCV","Hydrogen",2020,0.11398393119922
"FRV","L/100km100kg","BAU","Car","FCV","Hydrogen",2021,0.113376613117764
"FRV","L/100km100kg","BAU","Car","FCV","Hydrogen",2022,0.112774171900649
"FRV","L/100km100kg","BAU","Car","FCV","Hydrogen",2023,0.112176555094756
"FRV","L/100km100kg","BAU","Car","FCV","Hydrogen",2024,0.111583710955177
"FRV","L/100km100kg","BAU","Car","FCV","Hydrogen",2025,0.110995588433698
"FRV","L/100km100kg","BAU","Car","FCV","Hydrogen",2026,0.109054773280409
"FRV","L/100km100kg","BAU","Car","FCV","Hydrogen",2027,0.107132811508442
"FRV","L/100km100kg","BAU","Car","FCV","Hydrogen",2028,0.10522948545356
"FRV","L/100km100kg","BAU","Car","FCV","Hydrogen",2029,0.10334458048297
"FRV","L/100km100kg","BAU","Car","FCV","Hydrogen",2030,0.101477884945368
"FRV","L/100km100kg","BAU","Car","FCV","Hydrogen",2031,0.101201376020731
"FRV","L/100km100kg","BAU","Car","FCV","Hydrogen",2032,0.100926073901689
"FRV","L/100km100kg","BAU","Car","FCV","Hydrogen",2033,0.100651971257504
"FRV","L/100km100kg","BAU","Car","FCV","Hydrogen",2034,0.100379060701824
"FRV","L/100km100kg","BAU","Car","FCV","Hydrogen",2035,0.100107334908193
"FRV","L/100km100kg","BAU","Car","FCV","Hydrogen",2036,0.0998367867198835
"FRV","L/100km100kg","BAU","Car","FCV","Hydrogen",2037,0.0995674089256634
"FRV","L/100km100kg","BAU","Car","FCV","Hydrogen",2038,0.0992991943724471
"FRV","L/100km100kg","BAU","Car","FCV","Hydrogen",2039,0.0990321360724157
"FRV","L/100km100kg","BAU","Car","FCV","Hydrogen",2040,0.0987662269843414
"FRV","L/100km100kg","BAU","Car","FCV","Hydrogen",2041,0.0985014601234549
"FRV","L/100km100kg","BAU","Car","FCV","Hydrogen",2042,0.0982378286659192
"FRV","L/100km100kg","BAU","Car","FCV","Hydrogen",2043,0.0979753257355739
"FRV","L/100km100kg","BAU","Car","FCV","Hydrogen",2044,0.097713944511088
"FRV","L/100km100kg","BAU","Car","FCV","Hydrogen",2045,0.0974536783278502
"FRV","L/100km100kg","BAU","Car","FCV","Hydrogen",2046,0.0974536783278502
"FRV","L/100km100kg","BAU","Car","FCV","Hydrogen",2047,0.0974536783278502
"FRV","L/100km100kg","BAU","Car","FCV","Hydrogen",2048,0.0974536783278502
"FRV","L/100km100kg","BAU","Car","FCV","Hydrogen",2049,0.0974536783278502
"FRV","L/100km100kg","BAU","Car","FCV","Hydrogen",2050,0.0974536783278502
"FRV","L/100km100kg","BAU","Light truck","FCV","Hydrogen",2016,0.129124365495831
"FRV","L/100km100kg","BAU","Light truck","FCV","Hydrogen",2017,0.125117328731663
"FRV","L/100km100kg","BAU","Light truck","FCV","Hydrogen",2018,0.121263916380178
"FRV","L/100km100kg","BAU","Light truck","FCV","Hydrogen",2019,0.11755545997922
"FRV","L/100km100kg","BAU","Light truck","FCV","Hydrogen",2020,0.11398393119922
"FRV","L/100km100kg","BAU","Light truck","FCV","Hydrogen",2021,0.113376613117764
"FRV","L/100km100kg","BAU","Light truck","FCV","Hydrogen",2022,0.112774171900649
"FRV","L/100km100kg","BAU","Light truck","FCV","Hydrogen",2023,0.112176555094756
"FRV","L/100km100kg","BAU","Light truck","FCV","Hydrogen",2024,0.111583710955177
"FRV","L/100km100kg","BAU","Light truck","FCV","Hydrogen",2025,0.110995588433698
"FRV","L/100km100kg","BAU","Light truck","FCV","Hydrogen",2026,0.110412137167494
"FRV","L/100km100kg","BAU","Light truck","FCV","Hydrogen",2027,0.10983330746805
"FRV","L/100km100kg","BAU","Light truck","FCV","Hydrogen",2028,0.109259050310278
"FRV","L/100km100kg","BAU","Light truck","FCV","Hydrogen",2029,0.108689317321849
"FRV","L/100km100kg","BAU","Light truck","FCV","Hydrogen",2030,0.108124060772726
"FRV","L/100km100kg","BAU","Light truck","FCV","Hydrogen",2031,0.107829442218271
"FRV","L/100km100kg","BAU","Light truck","FCV","Hydrogen",2032,0.107536109507739
"FRV","L/100km100kg","BAU","Light truck","FCV","Hydrogen",2033,0.107244054830271
"FRV","L/100km100kg","BAU","Light truck","FCV","Hydrogen",2034,0.106953270315756
"FRV","L/100km100kg","BAU","Light truck","FCV","Hydrogen",2035,0.1066637481579
"FRV","L/100km100kg","BAU","Light truck","FCV","Hydrogen",2036,0.106375480731253
"FRV","L/100km100kg","BAU","Light truck","FCV","Hydrogen",2037,0.106088460352293
"FRV","L/100km100kg","BAU","Light truck","FCV","Hydrogen",2038,0.105802679399451
"FRV","L/100km100kg","BAU","Light truck","FCV","Hydrogen",2039,0.105518130427249
"FRV","L/100km100kg","BAU","Light truck","FCV","Hydrogen",2040,0.105234805933302
"FRV","L/100km100kg","BAU","Light truck","FCV","Hydrogen",2041,0.104952698475382
"FRV","L/100km100kg","BAU","Light truck","FCV","Hydrogen",2042,0.104671800782731
"FRV","L/100km100kg","BAU","Light truck","FCV","Hydrogen",2043,0.104392105528845
"FRV","L/100km100kg","BAU","Light truck","FCV","Hydrogen",2044,0.104113605445635
"FRV","L/100km100kg","BAU","Light truck","FCV","Hydrogen",2045,0.103836293432002
"FRV","L/100km100kg","BAU","Light truck","FCV","Hydrogen",2046,0.103836293432002
"FRV","L/100km100kg","BAU","Light truck","FCV","Hydrogen",2047,0.103836293432002
"FRV","L/100km100kg","BAU","Light truck","FCV","Hydrogen",2048,0.103836293432002
"FRV","L/100km100kg","BAU","Light truck","FCV","Hydrogen",2049,0.103836293432002
"FRV","L/100km100kg","BAU","Light truck","FCV","Hydrogen",2050,0.103836293432002
