"LWscen","i_year","Size","Technology","LCIA","vh_lca_yrs","Case","value","value_svg","value_rel_svg","value_svg_vkt"
"Aluminum Intensive","2016","Car","BEV100","GWP100","2016","Curent Lightweighting",24089.8639673952,-1219.15683576885,-0.048170841742579,-0.00625011034085302
"Aluminum Maximum","2016","Car","BEV100","GWP100","2016","Curent Lightweighting",24624.8600096713,-684.160793492672,-0.0270322901392986,-0.00350740800917388
"Steel Intensive","2016","Car","BEV100","GWP100","2016","Curent Lightweighting",24105.7336340157,-1203.28716914829,-0.0475438057642221,-0.00616875315649328
"Aluminum Intensive","2016","Light truck","BEV100","GWP100","2016","Curent Lightweighting",31155.7664395159,-2054.65600356239,-0.0618678069236853,-0.00994673516763632
"Aluminum Maximum","2016","Light truck","BEV100","GWP100","2016","Curent Lightweighting",31423.9295125065,-1786.49293057181,-0.0537931408019216,-0.00864853874733424
"Steel Intensive","2016","Light truck","BEV100","GWP100","2016","Curent Lightweighting",31495.0668444504,-1715.35559862784,-0.0516511225223923,-0.00830415788739855
"Aluminum Intensive","2016","Car","BEV300","GWP100","2016","Curent Lightweighting",42461.6047864327,-3127.21145882922,-0.0685960223666531,-0.0112223393023716
"Aluminum Maximum","2016","Car","BEV300","GWP100","2016","Curent Lightweighting",41785.1385421816,-3803.67770308023,-0.0834344476640267,-0.0136499121798476
"Steel Intensive","2016","Car","BEV300","GWP100","2016","Curent Lightweighting",43486.5554387333,-2102.26080652861,-0.0461135203690906,-0.00754419212884761
"Aluminum Intensive","2016","Light truck","BEV300","GWP100","2016","Curent Lightweighting",55999.2514915059,-4847.18509077513,-0.0796625959224483,-0.0164258963184121
"Aluminum Maximum","2016","Light truck","BEV300","GWP100","2016","Curent Lightweighting",54496.5241745912,-6349.91240768977,-0.104359643133792,-0.0215182628445969
"Steel Intensive","2016","Light truck","BEV300","GWP100","2016","Curent Lightweighting",57809.7902797985,-3036.64630248248,-0.0499067237631264,-0.0102904338056318
"Aluminum Intensive","2016","Car","CNG","GWP100","2016","Curent Lightweighting",67696.3650275336,-5244.4033983776,-0.0718994810659905,-0.0188201134301095
"Aluminum Maximum","2016","Car","CNG","GWP100","2016","Curent Lightweighting",65642.7907836777,-7297.97764223354,-0.100053479003945,-0.0261895885201601
"Steel Intensive","2016","Car","CNG","GWP100","2016","Curent Lightweighting",69883.8168175816,-3056.95160832966,-0.0419100548883678,-0.010970204167917
"Aluminum Intensive","2016","Light truck","CNG","GWP100","2016","Curent Lightweighting",97799.9181434172,-7940.9551478919,-0.075098255771116,-0.0269099082221295
"Aluminum Maximum","2016","Light truck","CNG","GWP100","2016","Curent Lightweighting",94564.7050381686,-11176.1682531406,-0.105693928045695,-0.0378732351922338
"Steel Intensive","2016","Light truck","CNG","GWP100","2016","Curent Lightweighting",101192.353758872,-4548.51953243729,-0.0430157174880372,-0.0154137935405597
"Aluminum Intensive","2016","Car","FCV","GWP100","2016","Curent Lightweighting",57172.1207143947,-2412.12784386301,-0.0404826426820602,-0.00865618377935441
"Aluminum Maximum","2016","Car","FCV","GWP100","2016","Curent Lightweighting",57131.3882696535,-2452.86028860418,-0.0411662536317115,-0.00880235659865957
"Steel Intensive","2016","Car","FCV","GWP100","2016","Curent Lightweighting",57768.605371133,-1815.64318712469,-0.0304718651498889,-0.00651563354963563
"Aluminum Intensive","2016","Light truck","FCV","GWP100","2016","Curent Lightweighting",104167.558242662,-3313.83482431118,-0.0308317070494823,-0.0112297562855753
"Aluminum Maximum","2016","Light truck","FCV","GWP100","2016","Curent Lightweighting",103861.974967472,-3619.41809950116,-0.0336748342780209,-0.0122653014733306
"Steel Intensive","2016","Light truck","FCV","GWP100","2016","Curent Lightweighting",105112.037185905,-2369.35588106845,-0.0220443354282919,-0.00802915368714064
"Aluminum Intensive","2016","Car","FFV","GWP100","2016","Curent Lightweighting",69022.8942673326,-5538.93542372377,-0.0742864740132331,-0.0198770737180099
"Aluminum Maximum","2016","Car","FFV","GWP100","2016","Curent Lightweighting",66788.8157567059,-7773.01393435049,-0.104249238069366,-0.0278943080510461
"Steel Intensive","2016","Car","FFV","GWP100","2016","Curent Lightweighting",71364.4946944794,-3197.334996577,-0.0428816595545605,-0.0114739852636533
"Aluminum Intensive","2016","Light truck","FFV","GWP100","2016","Curent Lightweighting",99158.6802013821,-8382.70036515988,-0.0779486028633697,-0.0284068721304827
"Aluminum Maximum","2016","Light truck","FFV","GWP100","2016","Curent Lightweighting",95654.2916062318,-11887.0889603101,-0.110535022869219,-0.0402823674221548
"Steel Intensive","2016","Light truck","FFV","GWP100","2016","Curent Lightweighting",102782.051278764,-4759.32928777787,-0.0442557949573002,-0.0161281750051183
"Aluminum Intensive","2016","Car","HEV","GWP100","2016","Curent Lightweighting",43914.6278041939,-3479.4962061276,-0.0734161940701728,-0.0124865515301922
"Aluminum Maximum","2016","Car","HEV","GWP100","2016","Curent Lightweighting",42874.9771961921,-4519.14681412944,-0.0953524705540555,-0.016217451097592
"Steel Intensive","2016","Car","HEV","GWP100","2016","Curent Lightweighting",45195.8456889898,-2198.27832133174,-0.0463829296824432,-0.00788876145019904
"Aluminum Intensive","2016","Light truck","HEV","GWP100","2016","Curent Lightweighting",62381.0492271831,-5259.87778741382,-0.0777617637658743,-0.0178244085104169
"Aluminum Maximum","2016","Light truck","HEV","GWP100","2016","Curent Lightweighting",60657.8872706751,-6983.03974392181,-0.103236901859948,-0.0236637728233869
"Steel Intensive","2016","Light truck","HEV","GWP100","2016","Curent Lightweighting",64408.483844853,-3232.44316974386,-0.0477882742358971,-0.0109539403523956
"Aluminum Intensive","2016","Car","ICEV-D","GWP100","2016","Curent Lightweighting",48538.2247275248,-4464.90942538056,-0.084238592617939,-0.016022814314174
"Aluminum Maximum","2016","Car","ICEV-D","GWP100","2016","Curent Lightweighting",47018.0329795955,-5985.1011733098,-0.112919759726732,-0.0214781881590608
"Steel Intensive","2016","Car","ICEV-D","GWP100","2016","Curent Lightweighting",50291.2200341163,-2711.91411878901,-0.0511651652705213,-0.00973199951478063
"Aluminum Intensive","2016","Light truck","ICEV-D","GWP100","2016","Curent Lightweighting",75305.9477096904,-7749.78629484324,-0.0933082632731922,-0.0262620848564687
"Aluminum Maximum","2016","Light truck","ICEV-D","GWP100","2016","Curent Lightweighting",72490.9912125169,-10564.7427920167,-0.127200643262511,-0.0358012674330551
"Steel Intensive","2016","Light truck","ICEV-D","GWP100","2016","Curent Lightweighting",78455.4253476584,-4600.30865687528,-0.0553882126503652,-0.0155892939129426
"Aluminum Intensive","2016","Car","ICEV-G","GWP100","2016","Curent Lightweighting",66936.4906822598,-5317.05139857673,-0.0735887991847939,-0.0190808187001582
"Aluminum Maximum","2016","Car","ICEV-G","GWP100","2016","Curent Lightweighting",64836.8154932903,-7416.72658754615,-0.102648622807286,-0.0266157320584661
"Steel Intensive","2016","Car","ICEV-G","GWP100","2016","Curent Lightweighting",69162.7175969531,-3090.82448388335,-0.0427774804510673,-0.0110917606752447
"Aluminum Intensive","2016","Light truck","ICEV-G","GWP100","2016","Curent Lightweighting",93763.5559456366,-8043.45006428853,-0.0790068422550838,-0.0272572378244381
"Aluminum Maximum","2016","Light truck","ICEV-G","GWP100","2016","Curent Lightweighting",90462.4881026617,-11344.5179072634,-0.111431603303975,-0.0384437300076939
"Steel Intensive","2016","Light truck","ICEV-G","GWP100","2016","Curent Lightweighting",97211.1772665851,-4595.82874334005,-0.0451425586849299,-0.0155741126079446
"Aluminum Intensive","2016","Car","PHEV20","GWP100","2016","Curent Lightweighting",47682.3703436781,-3302.79834283556,-0.064779590377411,-0.0118524519811295
"Aluminum Maximum","2016","Car","PHEV20","GWP100","2016","Curent Lightweighting",46972.8164909029,-4012.35219561078,-0.078696458185341,-0.0143987633495746
"Steel Intensive","2016","Car","PHEV20","GWP100","2016","Curent Lightweighting",48772.4039624222,-2212.7647240915,-0.0434001648145337,-0.00794074748605914
"Aluminum Intensive","2016","Light truck","PHEV20","GWP100","2016","Curent Lightweighting",55789.7847397516,-4124.28049881105,-0.068836599259109,-0.0139761537042288
"Aluminum Maximum","2016","Light truck","PHEV20","GWP100","2016","Curent Lightweighting",54831.3556910114,-5082.70954755123,-0.084833327989232,-0.0172240297164573
"Steel Intensive","2016","Light truck","PHEV20","GWP100","2016","Curent Lightweighting",57193.2909584925,-2720.77428007013,-0.0454112781237043,-0.00922002263030718
"Aluminum Intensive","2016","Car","PHEV40","GWP100","2016","Curent Lightweighting",44802.3049409252,-3176.08070206644,-0.0661981569304922,-0.0113977119102935
"Aluminum Maximum","2016","Car","PHEV40","GWP100","2016","Curent Lightweighting",44136.4618511223,-3841.92379186941,-0.0800761372101442,-0.0137871624397137
"Steel Intensive","2016","Car","PHEV40","GWP100","2016","Curent Lightweighting",45816.4674592524,-2161.91818373925,-0.0450602527526902,-0.007758279131841
"Aluminum Intensive","2016","Light truck","PHEV40","GWP100","2016","Curent Lightweighting",57416.9281488328,-4148.30010901175,-0.0673805689737401,-0.0140575501476029
"Aluminum Maximum","2016","Light truck","PHEV40","GWP100","2016","Curent Lightweighting",56398.4537515526,-5166.7745062919,-0.0839235823938256,-0.0175089048079643
"Steel Intensive","2016","Light truck","PHEV40","GWP100","2016","Curent Lightweighting",58819.9188928469,-2745.30936499765,-0.044591881532541,-0.00930316588843237
