"LWscen","Year","GWP100","aeo_scen","Case","delta_GWP100"
"Adapted Aluminum Maximum",2015,1511306011540.24,"REF","Reference",0
"Complete Aluminum Maximum",2015,1511306011540.24,"REF","Reference",0
"Adapted Aluminum Maximum",2016,1499860348156.55,"REF","Reference",1844654474.28271
"Complete Aluminum Maximum",2016,1499914584200.88,"REF","Reference",1898890518.61597
"Adapted Aluminum Maximum",2017,1500745752997.85,"REF","Reference",2502394581.39453
"Complete Aluminum Maximum",2017,1500868411498.71,"REF","Reference",2625053082.26001
"Adapted Aluminum Maximum",2018,1504734891161.49,"REF","Reference",2459551269.42456
"Complete Aluminum Maximum",2018,1504932918982.29,"REF","Reference",2657579090.22559
"Adapted Aluminum Maximum",2019,1503275351784.35,"REF","Reference",1217509176.88525
"Complete Aluminum Maximum",2019,1503564313827.88,"REF","Reference",1506471220.41748
"Adapted Aluminum Maximum",2020,1496998719637.37,"REF","Reference",-1060522288.87109
"Complete Aluminum Maximum",2020,1497429388327.64,"REF","Reference",-629853598.60376
"Adapted Aluminum Maximum",2021,1482775278563.04,"REF","Reference",-4371568633.83472
"Complete Aluminum Maximum",2021,1483321505774.78,"REF","Reference",-3825341422.08813
"Adapted Aluminum Maximum",2022,1467947269210.21,"REF","Reference",-8082211004.91138
"Complete Aluminum Maximum",2022,1468552383485.57,"REF","Reference",-7477096729.5498
"Adapted Aluminum Maximum",2023,1452204290569.27,"REF","Reference",-12463340076.1663
"Complete Aluminum Maximum",2023,1452863693561.61,"REF","Reference",-11803937083.8325
"Adapted Aluminum Maximum",2024,1433725858524.67,"REF","Reference",-17634797747.6353
"Complete Aluminum Maximum",2024,1434392195806.53,"REF","Reference",-16968460465.7695
"Adapted Aluminum Maximum",2025,1413261508056.58,"REF","Reference",-23460337841.738
"Complete Aluminum Maximum",2025,1413931737936.45,"REF","Reference",-22790107961.8669
"Adapted Aluminum Maximum",2026,1395210826741.55,"REF","Reference",-29696822751.8311
"Complete Aluminum Maximum",2026,1395714147843.77,"REF","Reference",-29193501649.6104
"Adapted Aluminum Maximum",2027,1377495993042.27,"REF","Reference",-36674328084.7451
"Complete Aluminum Maximum",2027,1377785275934.85,"REF","Reference",-36385045192.1672
"Adapted Aluminum Maximum",2028,1361559527937.02,"REF","Reference",-44180026762.1716
"Complete Aluminum Maximum",2028,1361631740834.75,"REF","Reference",-44107813864.4368
"Adapted Aluminum Maximum",2029,1346102037608.88,"REF","Reference",-52371067692.4236
"Complete Aluminum Maximum",2029,1345916844780.02,"REF","Reference",-52556260521.29
"Adapted Aluminum Maximum",2030,1332392896496.93,"REF","Reference",-61087325639.6885
"Complete Aluminum Maximum",2030,1331896405194.6,"REF","Reference",-61583816942.0256
"Adapted Aluminum Maximum",2031,1318306722674.23,"REF","Reference",-71499525409.8931
"Complete Aluminum Maximum",2031,1317316355422.09,"REF","Reference",-72489892662.0352
"Adapted Aluminum Maximum",2032,1305654918992.48,"REF","Reference",-80673059340.5151
"Complete Aluminum Maximum",2032,1304243638246.58,"REF","Reference",-82084340086.4141
"Adapted Aluminum Maximum",2033,1294399288827.84,"REF","Reference",-89125860596.2263
"Complete Aluminum Maximum",2033,1292517291494.09,"REF","Reference",-91007857929.9731
"Adapted Aluminum Maximum",2034,1285866198329.22,"REF","Reference",-96794426670.7722
"Complete Aluminum Maximum",2034,1283531431045.66,"REF","Reference",-99129193954.3325
"Adapted Aluminum Maximum",2035,1279053767907.12,"REF","Reference",-103881963971.422
"Complete Aluminum Maximum",2035,1276278294422.18,"REF","Reference",-106657437456.358
"Adapted Aluminum Maximum",2036,1274709651888.09,"REF","Reference",-110341834887.083
"Complete Aluminum Maximum",2036,1271476904416.94,"REF","Reference",-113574582358.234
"Adapted Aluminum Maximum",2037,1271874188813.94,"REF","Reference",-116258388196.569
"Complete Aluminum Maximum",2037,1268223096457.24,"REF","Reference",-119909480553.268
"Adapted Aluminum Maximum",2038,1272064687125.21,"REF","Reference",-121433382779.536
"Complete Aluminum Maximum",2038,1268002974928.81,"REF","Reference",-125495094975.936
"Adapted Aluminum Maximum",2039,1274666735979.82,"REF","Reference",-125985968018.503
"Complete Aluminum Maximum",2039,1270201614778.36,"REF","Reference",-130451089219.961
"Adapted Aluminum Maximum",2040,1278762369836.98,"REF","Reference",-130079794215.172
"Complete Aluminum Maximum",2040,1273912892866.3,"REF","Reference",-134929271185.85
"Adapted Aluminum Maximum",2041,1285230564095.97,"REF","Reference",-133811638652.758
"Complete Aluminum Maximum",2041,1279992121292.09,"REF","Reference",-139050081456.634
"Adapted Aluminum Maximum",2042,1293012238855.39,"REF","Reference",-137339000732.981
"Complete Aluminum Maximum",2042,1287409034167.11,"REF","Reference",-142942205421.26
"Adapted Aluminum Maximum",2043,1303200184568.84,"REF","Reference",-140576915985.459
"Complete Aluminum Maximum",2043,1297244536270.11,"REF","Reference",-146532564284.184
"Adapted Aluminum Maximum",2044,1315650055522.95,"REF","Reference",-143622058900.014
"Complete Aluminum Maximum",2044,1309344117187.52,"REF","Reference",-149927997235.439
"Adapted Aluminum Maximum",2045,1329405716123.78,"REF","Reference",-146539792804.384
"Complete Aluminum Maximum",2045,1322783896298.1,"REF","Reference",-153161612630.07
"Adapted Aluminum Maximum",2046,1344368658144.89,"REF","Reference",-149527528643.272
"Complete Aluminum Maximum",2046,1337450916356.35,"REF","Reference",-156445270431.806
"Adapted Aluminum Maximum",2047,1359841261344.06,"REF","Reference",-152308440650.412
"Complete Aluminum Maximum",2047,1352629861522.98,"REF","Reference",-159519840471.487
"Adapted Aluminum Maximum",2048,1374029420441.08,"REF","Reference",-155023896148.649
"Complete Aluminum Maximum",2048,1366507772748.51,"REF","Reference",-162545543841.217
"Adapted Aluminum Maximum",2049,1390758772984.3,"REF","Reference",-157306157632.592
"Complete Aluminum Maximum",2049,1382938910438.03,"REF","Reference",-165126020178.856
"Adapted Aluminum Maximum",2050,1407940563006.49,"REF","Reference",-159520831194.472
"Complete Aluminum Maximum",2050,1399820958246.99,"REF","Reference",-167640435953.978
"Adapted Aluminum Maximum",2015,1511306011540.24,"REF_EV","High EV penetration",0
"Complete Aluminum Maximum",2015,1511306011540.24,"REF_EV","High EV penetration",0
"Adapted Aluminum Maximum",2016,1499860348156.55,"REF_EV","High EV penetration",1844654474.28271
"Complete Aluminum Maximum",2016,1499914584200.88,"REF_EV","High EV penetration",1898890518.61597
"Adapted Aluminum Maximum",2017,1504286777813.22,"REF_EV","High EV penetration",2486086012.66919
"Complete Aluminum Maximum",2017,1504428135013.93,"REF_EV","High EV penetration",2627443213.37964
"Adapted Aluminum Maximum",2018,1506542973274.62,"REF_EV","High EV penetration",2399423998.26807
"Complete Aluminum Maximum",2018,1506819959229.83,"REF_EV","High EV penetration",2676409953.47827
"Adapted Aluminum Maximum",2019,1503661474861.64,"REF_EV","High EV penetration",1166607198.99194
"Complete Aluminum Maximum",2019,1504034839303.55,"REF_EV","High EV penetration",1539971640.90088
"Adapted Aluminum Maximum",2020,1496042122322.64,"REF_EV","High EV penetration",-1062186688.78735
"Complete Aluminum Maximum",2020,1496520760219,"REF_EV","High EV penetration",-583548792.425049
"Adapted Aluminum Maximum",2021,1480499948620.61,"REF_EV","High EV penetration",-4323679523.43066
"Complete Aluminum Maximum",2021,1481050960208.82,"REF_EV","High EV penetration",-3772667935.21826
"Adapted Aluminum Maximum",2022,1464673640453.7,"REF_EV","High EV penetration",-8099991029.29663
"Complete Aluminum Maximum",2022,1465362465879.42,"REF_EV","High EV penetration",-7411165603.5813
"Adapted Aluminum Maximum",2023,1447388034866.19,"REF_EV","High EV penetration",-12613031950.7961
"Complete Aluminum Maximum",2023,1448295627380.55,"REF_EV","High EV penetration",-11705439436.4412
"Adapted Aluminum Maximum",2024,1427337249583.26,"REF_EV","High EV penetration",-17752089874.1255
"Complete Aluminum Maximum",2024,1428282417548.5,"REF_EV","High EV penetration",-16806921908.8818
"Adapted Aluminum Maximum",2025,1404951254151.9,"REF_EV","High EV penetration",-23520764059.5637
"Complete Aluminum Maximum",2025,1405937445180.99,"REF_EV","High EV penetration",-22534573030.4753
"Adapted Aluminum Maximum",2026,1383587285546.88,"REF_EV","High EV penetration",-29878606157.158
"Complete Aluminum Maximum",2026,1384677525742.09,"REF_EV","High EV penetration",-28788365961.939
"Adapted Aluminum Maximum",2027,1360437793272.41,"REF_EV","High EV penetration",-37070362327.7876
"Complete Aluminum Maximum",2027,1361810758510.73,"REF_EV","High EV penetration",-35697397089.4636
"Adapted Aluminum Maximum",2028,1337619249598.94,"REF_EV","High EV penetration",-44457658972.3833
"Complete Aluminum Maximum",2028,1339167178609.67,"REF_EV","High EV penetration",-42909729961.6562
"Adapted Aluminum Maximum",2029,1313139859362.01,"REF_EV","High EV penetration",-52469286949.6477
"Complete Aluminum Maximum",2029,1314862203574.31,"REF_EV","High EV penetration",-50746942737.3503
"Adapted Aluminum Maximum",2030,1289990604199.96,"REF_EV","High EV penetration",-59600652600.752
"Complete Aluminum Maximum",2030,1290930063941.27,"REF_EV","High EV penetration",-58661192859.4351
"Adapted Aluminum Maximum",2031,1265046989356.25,"REF_EV","High EV penetration",-67149690321.5632
"Complete Aluminum Maximum",2031,1265224037983.6,"REF_EV","High EV penetration",-66972641694.2158
"Adapted Aluminum Maximum",2032,1239083444355.14,"REF_EV","High EV penetration",-73582946441.8574
"Complete Aluminum Maximum",2032,1238178793621.95,"REF_EV","High EV penetration",-74487597175.0452
"Adapted Aluminum Maximum",2033,1212618163667.69,"REF_EV","High EV penetration",-78743024914.7192
"Complete Aluminum Maximum",2033,1210388911516.75,"REF_EV","High EV penetration",-80972277065.6572
"Adapted Aluminum Maximum",2034,1187233566239.78,"REF_EV","High EV penetration",-82586439147.6313
"Complete Aluminum Maximum",2034,1183477031069.01,"REF_EV","High EV penetration",-86342974318.3943
"Adapted Aluminum Maximum",2035,1161350507408.41,"REF_EV","High EV penetration",-85272418348.1436
"Complete Aluminum Maximum",2035,1155906727570.32,"REF_EV","High EV penetration",-90716198186.2356
"Adapted Aluminum Maximum",2036,1141384658350.12,"REF_EV","High EV penetration",-86026375148.7219
"Complete Aluminum Maximum",2036,1132951973331.93,"REF_EV","High EV penetration",-94459060166.9065
"Adapted Aluminum Maximum",2037,1122899117472.41,"REF_EV","High EV penetration",-86431059058.7695
"Complete Aluminum Maximum",2037,1111661403053.35,"REF_EV","High EV penetration",-97668773477.8286
"Adapted Aluminum Maximum",2038,1107932241877.13,"REF_EV","High EV penetration",-86340265455.8523
"Complete Aluminum Maximum",2038,1094037163037.68,"REF_EV","High EV penetration",-100235344295.293
"Adapted Aluminum Maximum",2039,1095352979634.24,"REF_EV","High EV penetration",-85939239502.757
"Complete Aluminum Maximum",2039,1079023509386.78,"REF_EV","High EV penetration",-102268709750.217
"Adapted Aluminum Maximum",2040,1084323290360.32,"REF_EV","High EV penetration",-85287500337.9784
"Complete Aluminum Maximum",2040,1065731908213.81,"REF_EV","High EV penetration",-103878882484.493
"Adapted Aluminum Maximum",2041,1076904789250.06,"REF_EV","High EV penetration",-84384248933.5591
"Complete Aluminum Maximum",2041,1056003200135.41,"REF_EV","High EV penetration",-105285838048.211
"Adapted Aluminum Maximum",2042,1070940741880.14,"REF_EV","High EV penetration",-83578895929.488
"Complete Aluminum Maximum",2042,1047966342838.87,"REF_EV","High EV penetration",-106553294970.759
"Adapted Aluminum Maximum",2043,1068332672601.03,"REF_EV","High EV penetration",-82850832575.3311
"Complete Aluminum Maximum",2043,1043439711896.62,"REF_EV","High EV penetration",-107743793279.739
"Adapted Aluminum Maximum",2044,1069294060754.08,"REF_EV","High EV penetration",-82250560383.8395
"Complete Aluminum Maximum",2044,1042540587763.36,"REF_EV","High EV penetration",-109004033374.556
"Adapted Aluminum Maximum",2045,1071236931636.25,"REF_EV","High EV penetration",-81814303194.8276
"Complete Aluminum Maximum",2045,1042915197080.14,"REF_EV","High EV penetration",-110136037750.938
"Adapted Aluminum Maximum",2046,1073944416589.89,"REF_EV","High EV penetration",-81657242166.2581
"Complete Aluminum Maximum",2046,1044299485467.63,"REF_EV","High EV penetration",-111302173288.522
"Adapted Aluminum Maximum",2047,1078847338305.31,"REF_EV","High EV penetration",-81577353448.6145
"Complete Aluminum Maximum",2047,1047865629217.94,"REF_EV","High EV penetration",-112559062535.981
"Adapted Aluminum Maximum",2048,1083739367078.86,"REF_EV","High EV penetration",-81659239047.8888
"Complete Aluminum Maximum",2048,1051419165238.86,"REF_EV","High EV penetration",-113979440887.888
"Adapted Aluminum Maximum",2049,1092361989493.87,"REF_EV","High EV penetration",-81720311029.3469
"Complete Aluminum Maximum",2049,1058842207188.88,"REF_EV","High EV penetration",-115240093334.337
"Adapted Aluminum Maximum",2050,1102359188561.15,"REF_EV","High EV penetration",-81921494358.4846
"Complete Aluminum Maximum",2050,1067674575312.85,"REF_EV","High EV penetration",-116606107606.791
