Size,Technology,Aeo_case,Fc_impro,2015,2016,2017,2018,2019,2020,2021,2022,2023,2024,2025,2026,2027,2028,2029,2030,2031,2032,2033,2034,2035,2036,2037,2038,2039,2040,2041,2042,2043,2044,2045,2046,2047,2048,2049,2050
Car,ICEV-G,REF,Med,0,0,0.560300035,-1.124910017,-1.723296075,-1.788205387,-2.031166705,-2.060614252,-3.722206849,-2.350943639,-4.197317566,-0.017870918,-0.140735909,0.083907759,0.163281625,0.220671898,0.230086454,0.278495692,0.285466988,0.281557323,0.279151762,0.277980531,0.267251889,0.276018922,0.272534718,0.279478776,0.274255088,0.278407075,0.282684698,0.279481815,0.286647388,0.292291683,0.289104443,0.290715587,0.295488044,0.29914362
Car,ICEV-G,REF,High,0,0,-0.149306841,-2.503241232,-3.497624837,-3.336726246,-4.351584979,-4.975849908,-6.412966454,-3.407299531,-5.689420898,-0.109878964,0.055168297,0.252398358,0.29814532,0.315558691,0.271703443,0.272435357,0.251998555,0.237371514,0.228383457,0.220318017,0.172618692,0.199955744,0.178792357,0.198181541,0.188512233,0.191337076,0.202090696,0.201086649,0.192780163,0.20697463,0.249030896,0.410111753,0.410619216,0.416661319
Car,BEV100,REF,Med,0,0,-0.208510177,-0.397516075,-0.7420346,-0.5640277,-0.58031116,-0.791655443,-1.372467469,-0.621911636,-1.579257991,-0.003349672,-0.016773279,-0.010865248,-0.005167588,0.000633827,0.000703349,0.000603912,0.000482748,0.000368339,0.000253928,0.00018055,0.00011393,7.39E-05,0,0,7.24E-06,-2.56E-05,-2.94E-05,-0.000198895,-9.22E-05,-5.89E-05,-3.67E-05,-2.61E-05,0,0
Car,BEV100,REF,High,0,0,-0.611354545,-0.653632993,-1.287606601,-1.129455349,-1.420575351,-2.312628246,-2.984151333,-1.757121476,-2.818289474,-0.017332375,0.002006836,0.001553641,0.000359125,-9.60E-05,0.000916064,0.001259844,0.00129731,0.001289645,0.000930512,0.000717335,0.000425409,0.000476307,0.000123878,0.000264082,0.000183418,0.000145966,0.000183418,0.000212228,8.07E-05,0.000169014,5.86E-05,8.07E-05,9.51E-05,8.07E-05
Car,BEV300,REF,Med,0,0,-0.327445913,-0.572620748,-0.697512244,-0.75374009,-0.880368131,-1.086594542,-1.160209365,-1.019908673,-0.420685904,-0.002075438,-0.002013523,0.001170261,0.000693705,0.000124981,0.000193153,0.000399563,0.00036611,0.000158438,0.000154651,9.59E-05,1.45E-05,-9.47E-06,-2.90E-05,-0.000168537,-0.000202623,-0.000225978,-0.00047657,-0.000534638,-6.25E-05,-0.000207668,-0.000139497,-6.25E-05,3.35E-05,0
Car,BEV300,REF,High,0,0,-0.213083455,-1.252583893,-1.588452461,-1.206270965,-1.333666399,-1.598766496,-2.335371382,-0.490727814,-2.607586365,-0.009997608,0.005367145,9.47E-05,8.76E-05,6.02E-05,6.81E-05,0.000384887,0.000452134,0.001120171,0.000776871,0.000586638,0.000405251,0.000323848,6.11E-05,0.00023625,0.000141573,9.47E-05,0.000121223,0.000101756,1.33E-05,6.11E-05,6.02E-05,3.45E-05,-7.08E-06,4.69E-05
Car,FFV,REF,Med,0,0,0.562711143,-1.114582813,-1.738213977,-1.798844903,-2.040468035,-2.06421663,-3.716510686,-2.329676115,-4.260193312,-0.011098959,-0.209709476,0.072161816,0.157060534,0.222087924,0.228564569,0.276057362,0.284259488,0.281216754,0.278824829,0.27766108,0.266589167,0.275660967,0.272000257,0.27932268,0.278635792,0.278208132,0.28292505,0.283197872,0.28622682,0.291973203,0.288286941,0.289674029,0.294299942,0.297959411
Car,FFV,REF,High,0,0,-0.145078808,-2.481832761,-3.519782087,-3.351394669,-4.37374631,-4.986510223,-6.38950111,-3.369845696,-5.819424524,-0.109501931,0.060343562,0.249450875,0.290521758,0.314595289,0.271983869,0.273972766,0.252956478,0.238516178,0.229627089,0.22164587,0.1738885,0.201481219,0.180211141,0.199960037,0.190475497,0.196539329,0.20411778,0.203223837,0.194693332,0.21018047,0.179337924,0.326401855,0.421269025,0.429180119
Car,ICEV-D,REF,Med,0,0,0.158555275,-0.847745253,-1.58985341,-1.500457771,-1.57962313,-1.565105236,-1.664045083,-1.294586024,-2.71333228,0.141788826,0.140076986,0.118493492,0.08474395,0.092505295,0.12383701,0.145181884,0.135307552,0.125742834,0.136177193,0.136991943,0.15882166,0.272204973,0.268553866,0.269447169,0.275493316,0.286397021,0.293053005,0.293391188,0.289798652,0.298651405,0.283510509,0.279720786,0.281539912,0.285791501
Car,ICEV-D,REF,High,0,0,0.029174106,-1.324237485,-1.422179106,-1.545579121,-2.172210534,-2.968721931,-3.686474562,-2.780360197,-4.021226422,0.186401777,0.181860598,0.142193767,0.182960178,0.193848713,0.168609814,0.196828247,0.180493101,0.167308103,0.183339036,0.187518294,0.157242764,0.196793134,0.179591511,0.19991701,0.190690538,0.215448779,0.313258041,0.314531144,0.305581937,0.31925178,0.29487794,0.28799303,0.288750104,0.296824258
Car,CNG,REF,Med,0,0,1.578160768,-2.203048575,-2.87547354,-2.749365632,-2.952774532,-2.695903722,-2.682450671,-2.086159594,-3.473798416,-0.00410099,0.092312745,0.104646565,0.123763013,0.177459125,0.15192931,0.170613081,0.156081456,0.143711988,0.15183422,0.160897594,0.149981765,0.305864594,0.296883474,0.307796762,0.303173921,0.305428904,0.312492403,0.316879217,0.308934307,0.318411347,0.301498331,0.296681858,0.296064687,0.303203115
Car,CNG,REF,High,0,0,-0.127601577,-2.45129366,-3.470774186,-3.307739335,-4.304883979,-4.8442541,-6.235550115,-3.365133366,-5.294446072,-0.109732703,0.046742708,0.25169991,0.298047725,0.310027725,0.265688844,0.264463976,0.244353444,0.229600089,0.215067215,0.204906588,0.161215543,0.193057397,0.175308814,0.181513689,0.174720366,0.177697195,0.186356969,0.184893767,0.17770775,0.189464668,0.167740217,0.291425637,0.29225131,0.297029992
Car,HEV,REF,Med,0,0,0.336320845,-1.034192444,-1.757149716,-2.156592782,-2.206344049,-2.399478732,-2.856246503,-1.905801729,-2.650423862,0.056938103,-0.060948576,0.004052921,-0.004291919,0.078810085,0.083559213,0.097492112,0.093858989,0.084054153,0.084619807,0.081771056,0.062272052,0.061463447,0.064991189,0.054661793,0.058590667,0.06039366,0.059429722,0.058146791,0.066903086,0.070761831,0.061911105,0.060025347,0.062599104,0.063922041
Car,HEV,REF,High,0,0,0.309490698,-1.897712275,-4.175789794,-3.724627011,-4.594715996,-5.146102088,-5.6675959,-2.120401172,-8.54941015,-0.002814794,0.25796267,0.265222517,0.250228652,0.269630224,0.230170227,0.24423404,0.227605651,0.211766975,0.21314017,0.208559625,0.165284614,0.192695506,0.179513184,0.191767417,0.181315704,0.184783998,0.19457458,0.193857966,0.188063351,0.202716863,0.17324165,0.164696503,0.26558553,0.408938631
Car,PHEV20,REF,Med,0,0,0.483315796,-0.525727519,-1.537905828,-2.205151226,-1.948415728,-1.891465495,-2.091853301,-1.741127971,-1.876476216,-1.257624247,-0.077985802,0.005639863,-0.011536667,0.061714576,0.051275378,0.086774059,0.068794937,0.061604437,0.071480284,0.066029678,0.035186619,0.059607774,0.049860381,0.045677477,0.044323011,0.050343485,0.050779834,0.046671196,0.054406882,0.062022368,0.040466507,0.045927586,0.052533031,0.052703444
Car,PHEV20,REF,High,0,0,-2.303391208,-0.694354187,-3.461165063,-3.904831642,-3.80885353,-3.496386017,-4.215993477,-3.433332379,-3.614745557,-4.818091698,0.04743508,0.206404237,0.168470104,0.199793048,0.134192885,0.206087865,0.156770097,0.146568546,0.172604605,0.161604582,0.089330071,0.175325135,0.133527456,0.153476439,0.129000974,0.148737491,0.159956018,0.151512804,0.14862148,0.171911492,0.110186276,0.121837405,0.21113282,0.320536716
Car,PHEV40,REF,Med,0,0,-0.423719982,-0.852778459,-2.304551728,-2.850628862,-1.870902788,-1.465107538,-1.566541948,-1.477456806,-2.013361725,-1.523359367,0.041656639,0.104745645,0.06746511,0.070968641,0.032179686,0.098093867,0.068595684,0.062094611,0.078860518,0.07129409,0.026757255,0.085448759,0.058195854,0.067236533,0.104379733,0.135293843,0.190405214,0.235847289,0.136430339,0.145883766,0.119815793,0.127736836,0.135995167,0.135072135
Car,PHEV40,REF,High,0,0,-1.949550121,-1.028502252,-2.718049688,-3.487915432,-2.82125946,-2.801711673,-3.59880298,-2.395175072,-3.256010058,-2.887857173,0.02715872,0.12375659,0.086101819,0.113872007,0.061981009,0.126678903,0.083784755,0.078386353,0.103708224,0.093517258,0.035792463,0.112560672,0.075068113,0.090967083,0.066772618,0.089324781,0.09745186,0.089442071,0.088553286,0.10693355,0.054772619,0.069155124,0.127230962,0.191343322
Car,FCV,REF,Med,0,0,-0.183849167,-0.616865759,-0.615243188,-0.523669236,-0.683545087,-1.010614001,-1.494371257,-0.411987609,-1.560020622,-0.004373034,0.001916587,0.001067864,0.000367392,0.000177057,0.000439326,0.00081448,0.000911878,0.000794584,0.000531203,0.000413899,0.00035414,0.000304341,7.64E-05,0.000253435,0.000163792,8.52E-05,0.000142765,0.000139446,4.21E-05,5.09E-05,4.43E-06,1.33E-05,-1.33E-05,4.65E-05
Car,FCV,REF,High,0,0,-0.611333953,-0.653646792,-1.287614227,-1.129445142,-1.420571243,-2.312638739,-2.984136824,-1.757139681,-2.818281885,-0.017340849,0.002007928,0.001548094,0.000361574,-9.48E-05,0.000925006,0.001270803,0.001286616,0.00127259,0.000942603,0.000723194,0.000435323,0.000456389,0.000114097,0.000273834,0.000180801,0.000140428,0.000214154,0.000201867,5.97E-05,0.000180803,6.67E-05,9.48E-05,7.37E-05,8.60E-05
Light truck,ICEV-G,REF,Med,0,0,-1.225035553,-1.62719182,-1.450101512,-2.655370487,-4.090581071,-3.163207229,-2.03199728,-4.328180074,-3.091548532,0.058042549,0.021840745,0.058303201,0.061907828,0.060361594,0.174702667,0.208993282,0.216504819,0.21037255,0.21036492,0.210049314,0.200783223,0.212419371,0.21256495,0.220382402,0.218760218,0.221611418,0.226414128,0.226324577,0.225326016,0.07982981,0.047098481,0.073631999,0.074699151,-0.228756059
Light truck,ICEV-G,REF,High,0,0,-2.946925729,-2.678856583,-3.063931636,-5.529082421,-9.255785433,-7.35296837,-5.828899514,-7.72089936,-2.515990356,-0.556513486,-0.431404524,-0.136740901,0.035634086,0.080178124,0.067461673,0.062997359,0.058477939,0.060596606,0.059159493,0.056135708,0.043129138,0.048574581,0.045369963,0.049191004,0.044602308,0.044622211,0.045307763,0.062688317,0.132260412,-0.126081349,0.023812791,0.044771041,0.045837402,-0.377448911
Light truck,BEV100,REF,Med,0,0,-0.208510177,-0.397516075,-0.7420346,-0.5640277,-0.58031116,-0.791655443,-1.372467469,-0.621911636,-1.579257991,-0.003349672,-0.016773279,-0.010865248,-0.005167588,0.000633827,0.000703349,0.000603912,0.000482748,0.000368339,0.000253928,0.00018055,0.00011393,7.39E-05,0,0,7.24E-06,-2.56E-05,-2.94E-05,-0.000198895,-9.22E-05,-5.89E-05,-3.67E-05,-2.61E-05,0,0
Light truck,BEV100,REF,High,0,0,-0.611354545,-0.653632993,-1.287606601,-1.129455349,-1.420575351,-2.312628246,-2.984151333,-1.757121476,-2.818289474,-0.017332375,0.002006836,0.001553641,0.000359125,-9.60E-05,0.000916064,0.001259844,0.00129731,0.001289645,0.000930512,0.000717335,0.000425409,0.000476307,0.000123878,0.000264082,0.000183418,0.000145966,0.000183418,0.000212228,8.07E-05,0.000169014,5.86E-05,8.07E-05,9.51E-05,8.07E-05
Light truck,BEV300,REF,Med,0,0,-0.772850723,-0.972118404,-0.67352406,-0.819269354,-1.524123253,-1.018557344,-0.674489407,-0.937336652,-0.439605963,-0.012310547,-0.012971546,-0.017460693,-0.022652,-0.025665706,-0.021539515,-0.011375605,-0.020672195,-0.021029551,-0.017672389,-0.014727298,-0.01209802,-0.011979897,-0.006022229,-0.012495054,-0.006009503,-0.005165004,-0.006085668,-0.006464998,-0.000595274,-0.057557576,-0.001943517,-0.001106334,0,-0.138738149
Light truck,BEV300,REF,High,0,0,-1.426561812,-0.874278354,-0.837734618,-1.343507176,-2.679654296,-2.052781669,-1.479989299,-2.720657003,-1.71586046,-0.007355302,-0.005736409,-0.009757713,-0.00780123,-0.011167218,-0.010236697,-0.0041306,-0.004542732,-0.006235831,-0.004460152,-0.003551577,-0.002828913,-0.003557664,-0.001754446,-0.004246572,-0.002064614,-0.001822852,-0.002244015,-0.002449596,-0.000336412,-0.003344171,-0.000963199,-0.000571783,0,0.027633597
Light truck,FFV,REF,Med,0,0,-1.243492676,-1.607438857,-1.44909597,-2.663889179,-4.100032146,-3.163378767,-1.996990858,-4.303150565,-3.19938786,0.060449308,0.028005214,0.059127506,0.063678644,0.0627816,0.063349258,0.204972986,0.217009553,0.211619183,0.21194025,0.210996711,0.198767623,0.210550086,0.212688146,0.221504862,0.219880551,0.222847578,0.227897124,0.228707044,0.226964617,0.086816401,0.048985013,0.07747077,0.078656778,-0.235298104
Light truck,FFV,REF,High,0,0,-2.961881432,-2.653924281,-3.064986803,-5.536264728,-9.264774477,-7.349750603,-5.788697153,-7.677804991,-2.582596904,-0.55712638,-0.424186807,-0.141749017,0.035782909,0.080954583,0.068782551,0.073040378,0.068254937,0.062347918,0.060701275,0.057730358,0.044476572,0.05083565,0.047089586,0.051155979,0.049946504,0.048151507,0.047555191,0.047000226,0.063654111,-0.134592282,0.024730995,0.0468828,0.047924948,-0.351981335
Light truck,ICEV-D,REF,Med,0,0,-0.651541683,-0.274898229,-0.50313913,-1.300440318,-2.505703741,-3.223047828,-2.354009865,-2.962331779,-4.383912669,-0.032820999,-0.028407597,0.033223348,0.074933622,0.370219191,0.464438481,0.458155408,0.458477396,0.45745873,0.451574551,0.452669599,0.451278648,0.449926239,0.447347964,0.453180292,0.450657335,0.45114533,0.452834108,0.453277614,0.450624084,0.353708095,0.384660861,0.384354836,0.384195936,0.241221294
Light truck,ICEV-D,REF,High,0,0,-1.407062163,-1.115197896,-1.555302677,-2.812716069,-4.491753064,-4.812962942,-4.163906619,-4.372945693,-1.851040398,-0.347829926,-0.376814663,-0.129042088,0.046776059,0.080000161,0.06663919,0.063825472,0.056401593,0.049515388,0.050545296,0.056298419,0.044862603,0.049546846,0.046503027,0.050141411,0.056740223,0.049144154,0.085182734,0.120062361,0.118568722,-0.019437781,0.02154512,0.041861362,0.042599302,-0.3186864
Light truck,CNG,REF,Med,0,0,-1.669720498,-1.73566728,-1.049154737,-2.057520748,-3.21654813,-3.885199971,-3.763701519,-4.90704468,-0.914110544,-0.353917492,-0.412650705,-0.233546794,-0.222065535,-0.20242746,-0.145767463,-0.142560327,-0.141186243,-0.133215762,-0.092463128,-0.015198941,-0.016257769,-0.009997991,0.010181851,-0.018360607,0.007559691,0.015011689,0.011274767,0.00955297,0.033972488,-0.036396311,0.026963238,0.030309031,0.034794838,-0.427360573
Light truck,CNG,REF,High,0,0,-2.943269177,-2.678082817,-3.063581421,-5.520979186,-9.251341985,-7.350799603,-5.827632937,-7.715439654,-2.51228077,-0.557352053,-0.432435185,-0.137711916,0.034345295,0.078681342,0.066006345,0.061235868,0.056372057,0.058814547,0.057109299,0.054004523,0.041336202,0.046302067,0.043130884,0.092019776,0.131461543,0.131832344,0.131781356,0.131466325,0.1358223,-0.087990697,0.022057693,0.041471064,0.04249379,-0.412041734
Light truck,HEV,REF,Med,0,0,-1.551358081,-1.077976517,-1.265212262,-2.517284861,-4.027488405,-2.699450697,-0.941873322,-2.51923943,-6.028455987,0.09577349,0.08695207,0.089025828,0.070334676,0.06959558,0.112055099,0.192525494,0.18951701,0.189234493,0.20374354,0.206918151,0.197510199,0.207602113,0.209066211,0.209729224,0.211191016,0.214408604,0.217990072,0.218748152,0.222190275,0.026869433,0.046592437,0.070970287,0.07348693,0.006965754
Light truck,HEV,REF,High,0,0,-3.584924313,-2.027263899,-2.387164644,-4.513412191,-6.920681382,-3.734485945,-2.213930036,-4.090882616,-4.896296906,-0.201158476,-0.085804169,-0.07281554,-0.091439164,-0.121161032,-0.164499991,-0.1304899,-0.101427212,-0.080172777,-0.020121866,-0.001303269,0.005698719,0.028563557,0.051480531,0.037002243,0.06669107,0.075640748,0.078538182,0.075499941,0.091214948,-0.043030284,0.028904001,0.077770422,0.081262317,-0.04923628
Light truck,PHEV20,REF,Med,0,0,-1.416737429,-1.097097345,-1.080587183,-2.132928963,-3.175776053,-2.699767318,-1.196997515,-1.00867754,-4.127670669,-2.698366721,0.022037832,0.071572943,0.046220163,0.051612298,0.068918817,0.20350262,0.220317067,0.143487369,0.162333714,0.162778362,0.14407212,0.171367833,0.163137189,0.166618228,0.163799722,0.171096341,0.174942811,0.173070478,0.176656999,-0.103905324,0.017165733,0.05217279,0.060013011,0.082104868
Light truck,PHEV20,REF,High,0,0,-1.811126743,-1.402505715,-1.381399478,-2.726690639,-4.059843991,-3.451324633,-1.530215949,-1.289471733,-5.276725652,-3.449534141,0.028172691,0.091497315,0.059086865,0.065980055,0.088104337,0.260153385,0.281648613,0.183431175,0.207523939,0.208092366,0.184178709,0.219072962,0.208551084,0.213001169,0.209398052,0.218725893,0.223643138,0.221249587,0.225834518,-0.132830338,0.021944305,0.066696575,0.076719346,0.104961102
Light truck,PHEV40,REF,Med,0,0,-0.423719982,-0.852778459,-2.304551728,-2.850628862,-1.870902788,-1.465107538,-1.566541948,-1.477456806,-2.013361725,-1.523359367,0.041656639,0.104745645,0.06746511,0.070968641,0.032179686,0.098093867,0.068595684,0.062094611,0.078860518,0.07129409,0.026757255,0.085448759,0.058195854,0.067236533,0.104379733,0.135293843,0.190405214,0.235847289,0.136430339,0.145883766,0.119815793,0.127736836,0.135995167,0.135072135
Light truck,PHEV40,REF,High,0,0,-1.949550121,-1.028502252,-2.718049688,-3.487915432,-2.82125946,-2.801711673,-3.59880298,-2.395175072,-3.256010058,-2.887857173,0.02715872,0.12375659,0.086101819,0.113872007,0.061981009,0.126678903,0.083784755,0.078386353,0.103708224,0.093517258,0.035792463,0.112560672,0.075068113,0.090967083,0.066772618,0.089324781,0.09745186,0.089442071,0.088553286,0.10693355,0.054772619,0.069155124,0.127230962,0.191343322
Light truck,FCV,REF,Med,0,0,-0.910970907,-0.558300662,-0.534953042,-0.857936836,-1.711179177,-1.310873345,-0.945083611,-1.737366148,-1.095710079,-0.004697508,-0.003667038,-0.006228236,-0.004986962,-0.00713075,-0.006539523,-0.002624987,-0.002910567,-0.003982884,-0.002847171,-0.002265039,-0.001803173,-0.002274416,-0.001121121,-0.002706286,-0.001316223,-0.001180532,-0.001433981,-0.001548186,-0.000222529,-0.002138346,-0.000603301,-0.00036769,0,0.017649234
Light truck,FCV,REF,High,0,0,-0.934155012,-0.553866195,-0.756242596,-1.591721197,-3.230113983,-3.306082241,-1.950908382,-2.258483982,-2.315078187,0.023640434,0.020884253,0.010464181,0.005165828,0.00232413,0.002070797,0.002023443,0.002240421,0.002453768,0.001119339,0.000523212,0.000534153,0.000543271,0.000514105,0.000597969,0.000570626,4.92E-05,6.20E-05,6.93E-05,1.46E-05,-0.001593356,2.19E-05,0,0,0.025848588
Car,ICEV-G,HOP,Med,0,0,0.346460001,-1.502891168,-2.271921774,-3.167946694,-1.906764073,-2.465117379,-2.828989212,-1.633404852,-2.176928768,-0.137330861,-0.131522646,0.1659672,0.184637725,0.210847984,0.18550561,0.178000464,0.156454006,0.122714966,0.118765087,0.080804333,0.094796245,0.050428771,0.048800822,0.075984724,0.067196746,0.107074346,0.09392661,0.135458146,0.117536637,0.126388991,0.133856447,0.113947537,0.108729258,0.089140996
Car,ICEV-G,HOP,High,0,0,-0.149295236,-2.380145784,-2.799975574,-4.151672623,-2.878286063,-5.47758032,-6.322518424,-3.415449435,-3.316372625,-0.527998727,-0.208472029,0.195837016,0.244287226,0.184298659,0.215794535,0.208481348,0.183288133,0.145444512,0.146506683,0.095342295,0.119790027,0.078948499,0.074467134,0.098124907,0.08830136,0.13811594,0.121564372,0.175763609,0.150967256,0.159730201,0.170053082,0.144280921,0.138135544,0.113006272
Car,BEV100,HOP,Med,0,0,-0.198554481,-0.228026584,-0.4421709,-0.738671694,-0.519658418,-0.729375573,-1.092303635,-0.749342929,-1.41124884,-0.031643188,-0.029774285,-0.009040612,-0.001324824,2.45E-05,0.000240331,0.001328106,0.001148456,0.000830328,0.000279247,0.000363534,0.000254706,0.000243593,0.000321396,0.000187559,0.000119945,-3.52E-05,-2.13E-05,8.47E-05,0.000138007,0.000466357,0,0.00063957,0,0.000148199
Car,BEV100,HOP,High,0,0,-0.611354545,-0.568305479,-0.692685951,-1.440938313,-1.168129837,-2.081683484,-3.45240297,-1.904643086,-0.837159889,-0.113905101,-0.091157458,-0.005682683,0.000486137,-0.001824942,-0.001771985,-0.002212973,-0.00674431,-0.00711718,-0.002280229,-0.004777767,-0.003228514,-0.004029846,-0.0045597,-0.002951863,-0.00360324,-0.001621334,-0.001801558,-0.003169036,-0.003758619,-0.003296152,-0.000329124,-0.002600603,0,-0.0014046
Car,BEV300,HOP,Med,0,0,-0.3354391,-0.357402019,-0.656125049,-0.751298034,-0.86973004,-0.9940629,-1.703835213,-1.069395231,-0.834123996,-0.022242601,-0.019763719,0.001866317,0.004364627,0.007387473,0.004879713,0.004090734,0.003532842,0.002484183,0.000710966,0.001778421,0.001161226,0.001318606,0.001655842,0.000994931,0.000980171,0.000186272,0.000181133,0.000573594,0.00072005,-0.002263497,-8.35E-05,-0.001239634,0,-0.000480435
Car,BEV300,HOP,High,0,0,-0.323679534,-0.79389428,-0.832093322,-1.226039121,-0.903982607,-1.816253466,-2.243253261,-1.281008319,-0.734016743,-0.048542007,-0.084564728,-0.049447111,-0.003432592,-0.004112587,-0.002492114,-0.002341142,-0.001931057,-0.001401859,-9.03E-05,-0.001166546,-0.000507321,2.18E-05,-6.75E-05,-0.000121121,-7.64E-05,-0.000136013,-0.000121121,-0.000129063,-0.000409029,-0.000431862,-5.26E-05,-0.000265073,0,-0.000158845
Car,FFV,HOP,Med,0,0,0.349044738,-1.489595695,-2.273948024,-3.192159761,-1.915884091,-2.456399806,-2.776721101,-1.587330744,-2.263028754,-0.137970256,-0.129258366,0.158506812,0.186319725,0.21324823,0.191881021,0.178502561,0.157016396,0.122920279,0.118641086,0.080995132,0.095009318,0.05058364,0.046143484,0.068834693,0.067740237,0.107076887,0.093793299,0.135373104,0.117441207,0.126140904,0.133481382,0.113632653,0.10836504,0.088860957
Car,FFV,HOP,High,0,0,-0.145055826,-2.355842574,-2.80591649,-4.177004036,-2.887359518,-5.463388516,-6.215622909,-3.321626079,-3.395841144,-0.537489679,-0.204172657,0.195593971,0.246345363,0.186493636,0.216814631,0.209257545,0.183836277,0.145656317,0.146582273,0.095512743,0.115286292,0.068484293,0.074491292,0.097998358,0.08820362,0.137856844,0.12130755,0.175320575,0.153437701,0.159214823,0.169510593,0.143759391,0.137588144,0.112560002
Car,ICEV-D,HOP,Med,0,0,0.206855033,-0.819565043,-1.073683717,-1.75798286,-1.12764359,-1.648090579,-1.698732436,-0.91899364,-2.378078269,-0.076882413,-0.122931871,0.097480291,0.159992657,0.162629962,0.2272587,0.189078185,0.160028564,0.122382804,0.105610398,0.077085131,0.087983689,0.049427575,0.04627228,0.06489687,0.057619142,0.095583004,0.083378423,0.119087524,0.102171721,0.109727604,0.120535498,0.099965681,0.09825395,0.079053692
Car,ICEV-D,HOP,High,0,0,0.029531799,-1.876159718,-1.502681448,-1.46551079,-1.493602646,-2.444752694,-3.686742726,-2.200650375,-4.177897026,-0.280142725,-0.211963467,0.109299586,0.148649097,0.20094798,0.262149506,0.270489685,0.235795003,0.183326007,0.155093435,0.12352468,0.130732486,0.07687843,0.072019229,0.097496579,0.087045542,0.137705101,0.12097406,0.174492785,0.151844214,0.16287413,0.17187606,0.146792052,0.139591646,0.115041391
Car,CNG,HOP,Med,0,0,0.344777285,-1.495029671,-2.2571113,-3.145848714,-1.892820571,-2.449554571,-2.818904892,-1.631295483,-2.157787159,-0.137501968,-0.132068155,0.165614536,0.183294614,0.209615143,0.18412762,0.177201996,0.155845328,0.122325468,0.118467817,0.08061103,0.094617074,0.050349776,0.04988958,0.075899454,0.06716005,0.107028488,0.093961675,0.135563135,0.117754045,0.126671994,0.134184087,0.114325014,0.109137423,0.089514218
Car,CNG,HOP,High,0,0,-0.148996418,-2.371036912,-2.788736596,-4.133735953,-2.866396601,-5.457530209,-6.312724606,-3.41736658,-3.3042055,-0.525344317,-0.209667197,0.194344582,0.24233194,0.182992217,0.214651504,0.207520834,0.182619888,0.145068097,0.146273546,0.095190165,0.121271908,0.078885703,0.074445351,0.098145629,0.088380074,0.138256498,0.121772436,0.176168075,0.151137869,0.160386926,0.170779936,0.145062308,0.13890233,0.113711952
Car,HEV,HOP,Med,0,0,0.637825507,-1.050317974,-2.337374841,-3.685133864,-1.976684492,-2.033393338,-1.354321966,-0.446580534,-3.980944521,0.040507165,0.059797302,0.170079626,0.218323804,0.238845499,0.235548092,0.223397488,0.21862415,0.176555092,0.131198964,0.118201402,0.112310798,0.072827555,0.070062208,0.08409759,0.071869859,0.101077855,0.080046056,0.114953223,0.095371103,0.109454311,0.126881596,0.101344137,0.10307225,0.081810772
Car,HEV,HOP,High,0,0,0.313228408,-1.59921865,-2.95603748,-4.956288298,-3.137140675,-5.120171111,-2.570697431,-1.128194021,-6.999531961,-0.240042523,-0.150077502,0.213752742,0.316172515,0.400309495,0.366128179,0.306543792,0.268686206,0.176294027,0.169532127,0.114472853,0.130370766,0.059519476,0.02384021,0.063748736,0.050750974,0.114957966,0.096728536,0.135417114,0.126635423,0.140681028,0.164516777,0.130599592,0.133538554,0.10565461
Car,PHEV20,HOP,Med,0,0,0.283298224,-1.198066482,-0.363300055,-3.763216945,-1.662637345,-1.795851431,-1.591696853,-1.089687619,-0.993648681,-2.235757236,-0.066475726,0.223135225,0.157412462,0.179213484,0.181153253,0.163698384,0.143434853,0.091206197,0.082018249,0.076976498,0.084785403,0.028609622,0.047478593,0.078377437,0.043101469,0.107535776,0.059192455,0.130159751,0.05838595,0.089522211,0.094914149,0.064206537,0.069923389,0.049409231
Car,PHEV20,HOP,High,0,0,-2.299830273,-1.879190101,-0.398395226,-5.097953155,-2.418339266,-3.324828275,-3.682694263,-2.520029113,-2.051117617,-3.97746275,-0.281654715,0.278891793,0.229951169,0.305078687,0.286252039,0.229307325,0.17787386,0.079099393,0.106920178,0.072073252,0.099989102,0.01090859,0.010747113,0.068039706,0.022519653,0.129738659,0.073088467,0.162301691,0.079763161,0.118046121,0.126029089,0.084867146,0.09285139,0.065545177
Car,PHEV40,HOP,Med,0,0,-0.166128322,-1.206252818,-0.583033599,-2.996934798,-1.312568036,-1.438009814,-1.393942936,-0.891707257,-0.854096086,-1.284060839,-0.068891878,0.160337245,0.084873119,0.101816653,0.10251062,0.088846849,0.071223904,0.037035241,0.036812416,0.037542013,0.049599305,0.003083078,0.025872092,0.049833915,0.017234419,0.072501731,0.030129699,0.089097712,0.028669145,0.052595147,0.054020176,0.032325877,0.036521655,0.023260446
Car,PHEV40,HOP,High,0,0,-1.946990393,-1.925194961,-0.626893193,-4.118649961,-1.904266184,-2.700457767,-3.137732394,-2.066310456,-1.582451787,-2.404575185,-0.215309208,0.197461553,0.125980729,0.178630558,0.168587423,0.129533484,0.090361751,0.025600783,0.049121845,0.03382945,0.06114011,-0.011877643,0.004869418,0.047734358,0.002991486,0.092968115,0.038352773,0.117586484,0.041017772,0.072388229,0.074748086,0.044311597,0.050515853,0.032031145
Car,FCV,HOP,Med,0,0,-0.354394804,-0.329454956,-0.401553901,-0.835326557,-0.677179458,-1.20675729,-2.001400652,-1.104123937,-0.485305621,-0.066033619,-0.052846042,-0.003296458,0.000289766,-0.001062455,-0.001030241,-0.001267003,-0.003918096,-0.004127571,-0.001318716,-0.002760865,-0.001889662,-0.002332912,-0.002641147,-0.001702576,-0.002094923,-0.000950901,-0.001032893,-0.001845653,-0.002177747,-0.001908839,-0.000189949,-0.001512288,0,-0.000807511
Car,FCV,HOP,High,0,0,-0.611333953,-0.56831251,-0.692683783,-1.440945183,-1.168140136,-2.081666254,-3.452432591,-1.904622876,-0.837156189,-0.113908535,-0.091159857,-0.005686418,0.000499848,-0.001832743,-0.001777174,-0.00218559,-0.006758749,-0.007120093,-0.002274796,-0.004762515,-0.003259682,-0.004024292,-0.004556,-0.002936958,-0.00361376,-0.001640312,-0.001781748,-0.003183766,-0.003756632,-0.003292764,-0.000327664,-0.002608709,0,-0.001392963
Light truck,ICEV-G,HOP,Med,0,0,-1.210574524,-1.726295952,-1.378746928,-2.651485684,-3.858289281,-2.568582687,-2.436650946,-3.616767881,-2.546989133,-0.110905195,-0.174096454,-0.163254943,-0.021301524,-0.03265825,0.013833014,0.062465776,0.073720255,0.067199152,0.136251365,0.118491083,0.124539351,0.023733573,0.017132234,0.032195198,0.026441969,0.053378141,0.046270167,0.060095276,0.04449859,0.051284995,0.072317732,0.050907752,0.058335639,0.044255933
Light truck,ICEV-G,HOP,High,0,0,-2.94729343,-2.787969246,-2.962533992,-5.581466828,-9.076832316,-7.106274869,-6.870525646,-6.687431228,-1.676760684,-0.70892855,-0.616644012,-0.401027784,-0.193486316,-0.201331665,-0.006374064,0.052771487,0.044414283,0.034575968,0.041053361,0.018486915,0.024937435,0.007341777,0.003059167,0.013459915,0.008793155,0.027792036,0.023365067,0.033092092,0.025854011,0.033626214,0.043582759,0.032960294,0.034953483,0.027751046
Light truck,BEV100,HOP,Med,0,0,-0.198554481,-0.228026584,-0.4421709,-0.738671694,-0.519658418,-0.729375573,-1.092303635,-0.749342929,-1.41124884,-0.031643188,-0.029774285,-0.009040612,-0.001324824,2.45E-05,0.000240331,0.001328106,0.001148456,0.000830328,0.000279247,0.000363534,0.000254706,0.000243593,0.000321396,0.000187559,0.000119945,-3.52E-05,-2.13E-05,8.47E-05,0.000138007,0.000466357,0,0.00063957,0,0.000148199
Light truck,BEV100,HOP,High,0,0,-0.611354545,-0.568305479,-0.692685951,-1.440938313,-1.168129837,-2.081683484,-3.45240297,-1.904643086,-0.837159889,-0.113905101,-0.091157458,-0.005682683,0.000486137,-0.001824942,-0.001771985,-0.002212973,-0.00674431,-0.00711718,-0.002280229,-0.004777767,-0.003228514,-0.004029846,-0.0045597,-0.002951863,-0.00360324,-0.001621334,-0.001801558,-0.003169036,-0.003758619,-0.003296152,-0.000329124,-0.002600603,0,-0.0014046
Light truck,BEV300,HOP,Med,0,0,-0.789462326,-0.962554765,-0.611467609,-0.891120494,-1.545059365,-0.889782281,-1.252353676,-1.234639773,-0.100853959,-0.003759362,-0.024186401,-0.071478226,-0.058362164,-0.060928248,-0.047117423,-0.046604718,-0.041984678,-0.031794465,-0.008107881,-0.024835282,-0.014809032,-0.017692698,-0.020211469,-0.011513751,-0.009021855,-0.004236587,-0.003020338,-0.004950811,-0.005548027,-0.005045035,6.73E-05,-0.002829245,-2.78E-05,-0.000865291
Light truck,BEV300,HOP,High,0,0,-1.426561812,-0.830243324,-0.752107064,-1.349848237,-2.645488152,-1.736498843,-1.549063957,-2.475832769,-1.65396068,-0.026724305,-0.065869143,-0.083972501,-0.037170421,-0.039618349,-0.01780232,-0.011228802,-0.013094171,-0.010334097,-0.004896195,-0.007103103,-0.005040628,-0.005304117,-0.005663627,-0.003325197,-0.000380643,-0.000760373,-0.000698741,8.34E-05,0.001209898,0.001251603,3.44E-05,0.000442277,0,0.00015226
Light truck,FFV,HOP,Med,0,0,-1.228710622,-1.707743428,-1.381121352,-2.65544696,-3.861520123,-2.55303761,-2.386535681,-3.584984262,-2.681773599,-0.109313843,-0.163815832,-0.165022208,-0.018493595,-0.029715137,0.01467017,0.064607458,0.075935098,0.058797685,0.072919891,0.122213558,0.128394532,0.10952311,0.019375224,0.033093248,0.027098629,0.054898186,0.047443946,0.066463464,0.049722538,0.05304581,0.073679344,0.052165907,0.05936376,0.045125238
Light truck,FFV,HOP,High,0,0,-2.962245381,-2.763557595,-2.964473422,-5.586194045,-9.080263294,-7.068743324,-6.834364309,-6.640567514,-1.81953229,-0.710228223,-0.607702653,-0.387927594,-0.191144823,-0.195140239,-0.005367569,0.053375444,0.04462121,0.034432856,0.041335622,0.01821141,0.024846544,0.007263466,0.002606956,0.013025419,0.008570089,0.02751147,0.02307018,0.032584575,0.025589898,0.032864968,0.042971702,0.032087292,0.034348765,0.027214589
Light truck,ICEV-D,HOP,Med,0,0,-0.527932233,-0.849366012,-0.821779819,-1.370533268,-2.315765449,-1.835679205,-1.073309371,-1.837580563,-2.229285315,-0.074914401,-0.114708863,-0.095276752,-0.032060163,0.036967678,0.061854347,0.089985886,0.124538078,0.11351789,0.114135673,0.101686045,0.107769023,0.092529498,0.088690984,0.095758565,0.023515587,0.043994782,0.038152831,0.053403784,0.044358078,0.050119747,0.060271132,0.047350475,0.048761666,0.039057629
Light truck,ICEV-D,HOP,High,0,0,-1.407157859,-1.239095979,-1.589364508,-2.778358712,-4.510542712,-4.666299027,-4.243761854,-3.907780475,-1.109529688,-0.537991169,-0.509809693,-0.364989715,-0.193074838,-0.165075278,-0.01167025,0.043482186,0.041698971,0.037220437,0.042536893,0.020712114,0.02648923,0.008994786,0.004355699,0.014435285,0.009903925,0.028985246,0.024666322,0.034552271,0.027792249,0.03442392,0.044329338,0.033568576,0.035766927,0.028412906
Light truck,CNG,HOP,Med,0,0,-1.747407151,-1.652326007,-1.17354703,-2.045669189,-3.545893137,-3.619381805,-4.590541098,-5.189131476,-0.409739343,-0.593599789,-0.591120495,-0.458023057,-0.402651146,-0.372393972,-0.206704758,-0.171847278,-0.148934199,-0.106064567,0.019674865,-0.03107653,-0.009814878,-0.035798443,-0.043525463,-0.020768527,-0.025833897,0.012447203,0.010721859,0.003440972,-0.005742592,0.00049373,0.043073997,0.014409601,0.035121365,0.021820812
Light truck,CNG,HOP,High,0,0,-2.943523495,-2.782690104,-2.957177534,-5.577280981,-9.072776845,-7.106103978,-6.867085217,-6.679977624,-1.672079975,-0.709681798,-0.61756105,-0.402677758,-0.195530485,-0.202896675,-0.007626376,0.051751066,0.043738505,0.034169064,0.040784301,0.01834726,0.024826429,0.007326075,0.00310251,0.013515281,0.008880663,0.027945592,0.023593388,0.033504668,0.02636303,0.03427675,0.044360181,0.033721344,0.035751581,0.028486629
Light truck,HEV,HOP,Med,0,0,-0.996046733,-0.703491584,-1.03421831,-1.90164898,-5.136266251,-3.012553152,-1.096803122,-2.42254273,-1.484645705,-0.205525308,-0.228691149,-0.180742659,-0.131364298,-0.143490808,-0.102675391,-0.072082922,0.037806798,0.032955481,0.050659779,0.016413876,0.029445074,0.005375652,-0.007444954,0.010884226,0.003743123,0.03259881,0.026139739,0.033768999,0.023237283,0.033724714,0.057291119,0.036280351,0.04600355,0.034107811
Light truck,HEV,HOP,High,0,0,-3.583759261,-2.276068424,-2.122538946,-4.682336893,-6.870533069,-2.923912575,-3.035135388,-4.952671657,-3.941652676,-0.298251134,-0.334896896,-0.206382075,-0.174895289,-0.145492262,-0.108664617,-0.056828429,-0.031557561,-0.036833785,0.012129647,0.018559357,0.031552887,-0.000469475,-0.005588077,0.016714461,0.005928365,0.052109731,0.046264972,0.059604334,0.040461968,0.052215087,0.091005225,0.057061342,0.073334855,0.053559836
Light truck,PHEV20,HOP,Med,0,0,-1.383845376,-1.358598963,-1.105519204,-1.735705613,-2.76317098,-2.103783314,-1.381147783,-1.811353093,-3.119537099,-1.751274208,-0.064635883,0.073852994,0.020300267,-0.040403252,-0.012934996,-0.003432524,0.013908413,0.017115204,0.049349257,0.074621091,0.123456156,-0.027035392,0.009986995,0.03258592,0.01266008,0.055301687,0.031910086,0.069712351,0.029919342,0.047513542,0.052739882,0.034286384,0.038263079,0.027726809
Light truck,PHEV20,HOP,High,0,0,-1.809873703,-1.776854971,-1.445862499,-2.270057045,-3.613836184,-2.751450532,-1.806345633,-2.368993232,-4.079912581,-2.290418561,-0.084534578,0.096589253,0.026549873,-0.05284173,-0.016917142,-0.004489255,0.018190234,0.022384262,0.064541837,0.097593815,0.161463162,-0.035358463,0.013061574,0.042617767,0.016557591,0.072326771,0.041733872,0.091173879,0.03913026,0.062140981,0.068976294,0.044841733,0.050042686,0.036262738
Light truck,PHEV40,HOP,Med,0,0,-0.166128322,-1.206252818,-0.583033599,-2.996934798,-1.312568036,-1.438009814,-1.393942936,-0.891707257,-0.854096086,-1.284060839,-0.068891878,0.160337245,0.084873119,0.101816653,0.10251062,0.088846849,0.071223904,0.037035241,0.036812416,0.037542013,0.049599305,0.003083078,0.025872092,0.049833915,0.017234419,0.072501731,0.030129699,0.089097712,0.028669145,0.052595147,0.054020176,0.032325877,0.036521655,0.023260446
Light truck,PHEV40,HOP,High,0,0,-1.946990393,-1.925194961,-0.626893193,-4.118649961,-1.904266184,-2.700457767,-3.137732394,-2.066310456,-1.582451787,-2.404575185,-0.215309208,0.197461553,0.125980729,0.178630558,0.168587423,0.129533484,0.090361751,0.025600783,0.049121845,0.03382945,0.06114011,-0.011877643,0.004869418,0.047734358,0.002991486,0.092968115,0.038352773,0.117586484,0.041017772,0.072388229,0.074748086,0.044311597,0.050515853,0.032031145
Light truck,FCV,HOP,Med,0,0,-0.574519256,-0.329907921,-0.458207675,-0.95014453,-2.082513393,-1.491767576,-0.881716371,-1.684790697,-0.227711046,-0.004088758,-0.070252528,-0.125263289,-0.092521182,-0.11562467,-0.056967271,0.003988711,0.003787621,0.00280624,0.000406124,0.002381922,0.001584557,0.002130359,0.002662492,0.002020677,0.001955519,0.000598447,0.000662533,0.001497887,0.001802324,0.001816109,1.37E-05,0.001095178,0,0.000415415
Light truck,FCV,HOP,High,0,0,-0.934155012,-0.536422644,-0.745035074,-1.544913014,-3.386118574,-2.425579549,-1.43365041,-2.739430677,-0.370252889,-0.006648227,-0.114228985,-0.203675209,-0.150437301,-0.188003037,-0.092627464,0.006485552,0.006158585,0.004562881,0.000660348,0.003872951,0.002576453,0.003463914,0.00432915,0.003285574,0.003179629,0.000973061,0.001077263,0.00243553,0.002930536,0.002952952,2.23E-05,0.001780734,0,0.000675456
Car,ICEV-G,LOP,Med,0,0,0.56028597,-1.140006756,-1.842914228,-2.037964449,-1.759344206,-2.627339529,-3.792880016,-2.075229504,-3.822840865,0.046602997,-0.027995179,0.042717787,0.147666506,0.132777843,0.140307094,0.143360863,0.140546084,0.141001458,0.177521237,0.177626663,0.169360661,0.17863201,0.18313594,0.179930929,0.185211782,0.188133471,0.206336216,0.205598106,0.208299576,0.210132163,0.214643564,0.213481664,0.216235052,0.213913691
Car,ICEV-G,LOP,High,0,0,-0.149306841,-2.225183944,-3.616866022,-3.978268698,-5.01117524,-5.705043789,-5.595035356,-2.578945991,-5.113289697,-0.081542898,0.20236963,0.207573152,0.219994087,0.186732609,0.178535939,0.214700613,0.173781617,0.198168482,0.207629484,0.203361693,0.201290123,0.182878551,0.170440591,0.192237201,0.171308119,0.199302836,0.209622807,0.203890465,0.203982404,0.198619419,0.209764045,0.210679919,0.209826108,0.193221293
Car,BEV100,LOP,Med,0,0,-0.20809906,-0.537311807,-0.737772027,-0.573295957,-0.598015837,-0.959021443,-1.493977381,-0.493552158,-1.228347437,-0.0025678,-0.003572028,-0.000562704,0.000393462,-0.006058463,-0.004181695,-0.00446481,-0.003901977,-0.00405593,-0.001423275,-0.001452637,-0.002150919,-0.001489169,-0.001007219,-0.001547894,-0.000636114,-0.001003789,-0.000485265,-0.00073873,-0.00051513,-0.000397067,-0.000348877,-0.001073595,-0.000779647,-0.000790236
Car,BEV100,LOP,High,0,0,-0.611354545,-0.994127948,-1.178229865,-1.38086054,-1.552029299,-2.237771234,-3.812951075,-0.647553578,-2.766148301,-0.021926353,0.001264556,0.002133504,0.00182793,0.000935051,0.000789434,0.000336277,-0.000102512,-0.000306576,2.97E-05,-5.84E-05,-0.000212687,-0.000160952,-0.000116882,-0.000189693,-8.81E-05,-0.000131252,-4.41E-05,-0.000123587,-4.41E-05,-5.17E-05,0,-0.000182027,-8.81E-05,-0.000145621
Car,BEV300,LOP,Med,0,0,-0.328727741,-0.700441679,-0.689690637,-0.803948985,-0.831880404,-0.946853923,-1.406209195,-0.919707681,-0.39360088,-0.001631935,-0.002236404,-0.000328528,0.000917864,0.000960921,0.000686198,0.000564662,0.000429829,0.000357665,0.000217132,0.000169021,0.000115846,-2.41E-05,-1.46E-05,0,-4.43E-06,-2.47E-05,-1.39E-05,-2.47E-05,-2.41E-05,0,-9.50E-06,-2.91E-05,-1.46E-05,-3.86E-05
Car,BEV300,LOP,High,0,0,-0.213083455,-1.398301889,-1.70002759,-1.304195485,-1.677695447,-2.021115292,-2.09410437,-0.502853256,-2.067550774,-0.010667693,0.00480951,0.001001587,0.000275966,0.000134897,7.41E-05,4.67E-05,2.03E-05,2.03E-05,7.05E-06,1.32E-05,0,-2.03E-05,0,-1.32E-05,0,0,1.32E-05,0,0,0,0,0,0,-1.32E-05
Car,FFV,LOP,Med,0,0,0.562951743,-1.130932889,-1.859402929,-2.048496346,-1.768019989,-2.636972887,-3.799615462,-2.073843401,-3.877242772,0.048080842,-0.024743262,0.003655984,0.09528931,0.131530702,0.146535569,0.140994032,0.140045043,0.138497554,0.175512827,0.175025115,0.166660555,0.175775159,0.180177254,0.1770396,0.182158906,0.18350092,0.200059608,0.202620822,0.2053703,0.207193404,0.211761685,0.210485645,0.213224594,0.210676636
Car,FFV,LOP,High,0,0,-0.145078808,-2.205567109,-3.644304721,-3.995166538,-5.024720542,-5.719797579,-5.595766254,-2.569339286,-5.236999222,-0.081772901,0.202494281,0.20784482,0.221464353,0.187133813,0.179111572,0.219897032,0.180409665,0.195975644,0.208516364,0.204339359,0.202439558,0.184091679,0.171595533,0.193622948,0.172462538,0.191845629,0.204907499,0.205151261,0.205347106,0.200049735,0.211350289,0.212210068,0.211460623,0.194739484
Car,ICEV-D,LOP,Med,0,0,0.159043017,-0.57428468,-1.435375079,-1.588770861,-1.641119371,-1.517090634,-1.974977043,-1.578005703,-2.626074422,0.167803499,0.137942629,0.145100552,0.159086156,0.136987213,0.129949446,0.159756166,0.143946258,0.146724366,0.148483726,0.145312802,0.141485565,0.130986616,0.177976168,0.268655267,0.261242199,0.269862605,0.276097706,0.271226813,0.274073238,0.276447788,0.283379959,0.277719049,0.280489331,0.272605952
Car,ICEV-D,LOP,High,0,0,0.028939443,-1.104484587,-0.963380172,-1.927876486,-2.263659262,-2.920379312,-4.61853156,-2.483815993,-3.478228508,0.221222616,0.17915911,0.190804943,0.210557868,0.181511504,0.173123475,0.213664887,0.193001555,0.197243814,0.200415678,0.196496512,0.191863537,0.178370298,0.167172301,0.184587244,0.167271127,0.189498302,0.195695396,0.187909206,0.190136552,0.189054935,0.284273794,0.29339859,0.295025276,0.282213856
Car,CNG,LOP,Med,0,0,1.585869923,-2.041836195,-2.874382071,-3.099073462,-2.86753102,-2.494283485,-3.077337186,-2.439122413,-3.408848901,0.022909269,0.169641077,0.175432541,0.187400922,0.152810642,0.132534993,0.161335134,0.145110135,0.144914879,0.158045529,0.154215829,0.16190656,0.14749703,0.216768734,0.306401899,0.294249966,0.305765724,0.308171399,0.304613281,0.305504325,0.304067008,0.310043228,0.301048628,0.302576195,0.294039176
Car,CNG,LOP,High,0,0,-0.132450827,-2.135334898,-3.708712291,-4.026800811,-5.050697492,-5.749869416,-5.582097558,-2.536806052,-5.577081261,-0.079867291,0.202166208,0.207797001,0.224561151,0.187281517,0.179575989,0.219914749,0.198941562,0.201345621,0.209349978,0.205206912,0.203303005,0.18504991,0.172591803,0.19479562,0.17369962,0.195420068,0.20575388,0.198330622,0.199987181,0.197796638,0.210923974,0.230855585,0.459773413,0.45682143
Car,HEV,LOP,Med,0,0,0.336499975,-1.02902049,-1.813754052,-2.337037901,-1.96437642,-2.455296882,-3.359112147,-1.863140251,-2.36957563,0.106853895,0.088738135,0.090499382,0.081257272,0.025130332,0.052362967,0.061105372,0.053575248,0.051449917,0.072231056,0.068737346,0.060159527,0.060923118,0.058622047,0.058386408,0.054596512,0.058049464,0.06466781,0.059161762,0.067003791,0.069532853,0.073449371,0.072756495,0.072415303,0.066033252
Car,HEV,LOP,High,0,0,0.306972798,-1.702700082,-4.36933473,-4.170152509,-5.576280415,-5.80988918,-5.308003464,-1.751232938,-7.3570602,0.023771538,0.250893613,0.250426442,0.259389045,0.221058709,0.202787335,0.236630809,0.211200402,0.211193275,0.209947914,0.203605177,0.197320258,0.181770462,0.169761039,0.187271929,0.162913505,0.182435315,0.194998736,0.186897364,0.189292457,0.188898298,0.200171456,0.193236759,0.195314452,0.179105436
Car,PHEV20,LOP,Med,0,0,0.483957801,0.18606759,-2.317571508,-2.345869681,-1.61372085,-1.781893723,-2.780509805,-2.031305882,-1.468162921,-1.062286604,0.033731766,0.072754444,0.06923654,0.00586098,0.035152864,0.061543887,0.03360744,0.041329661,0.058127312,0.053360398,0.046341381,0.043914987,0.042988353,0.053378198,0.035327397,0.05306147,0.054956858,0.045213753,0.055052667,0.056390835,0.063658932,0.056801986,0.059518559,0.048023363
Car,PHEV20,LOP,High,0,0,-2.305810204,1.012985364,-5.298766234,-4.269988105,-4.057812817,-4.195809522,-4.630795307,-2.979424495,-2.818561838,-4.273881672,0.026062624,0.186362592,0.20454516,0.128905989,0.134573661,0.211075987,0.13689632,0.161595085,0.161812075,0.152013778,0.147173427,0.127436309,0.120488623,0.162379433,0.099268088,0.158786097,0.169098031,0.142800301,0.150645455,0.148489697,0.168261386,0.146066742,0.155535719,0.125797478
Car,PHEV40,LOP,Med,0,0,-0.182746507,0.353255607,-3.453770304,-2.732830094,-1.786769446,-1.88530256,-2.150452056,-0.947324779,-1.714697164,-1.60783552,0.009205756,0.086686897,0.093033864,0.042325221,0.051309864,0.099279511,0.049896878,0.067364148,0.067582085,0.061485734,0.059033291,0.04832602,0.045961104,0.070921325,0.031033308,0.069032387,0.065058361,0.052212822,0.059269514,0.057461704,0.068300883,0.054150253,0.059893901,0.043114144
Car,PHEV40,LOP,High,0,0,-1.951289097,0.347029476,-4.262020009,-3.651708847,-3.245562734,-3.387977062,-3.69207235,-1.966288991,-2.729428443,-2.552206975,2.96E-05,0.107569698,0.12153465,0.058008722,0.069252694,0.134651176,0.068574974,0.093087955,0.09352091,0.085677448,0.082877976,0.068052781,0.065104536,0.101261811,0.043217205,0.100135683,0.107365607,0.08842237,0.090086596,0.08798107,0.104090142,0.084279947,0.093010642,0.068679492
Car,FCV,LOP,Med,0,0,-0.18679643,-0.728776885,-0.633272401,-0.614708986,-0.975278229,-1.268935639,-1.206849852,-0.274968031,-1.491839624,-0.004237449,0.001299289,0.000928239,0.000697309,0.000230942,-1.23E-05,0,1.23E-05,8.97E-06,1.23E-05,4.48E-06,3.81E-05,3.92E-05,3.36E-05,6.39E-05,4.71E-05,5.61E-05,3.81E-05,4.26E-05,3.48E-05,2.13E-05,2.13E-05,4.71E-05,3.81E-05,3.92E-05
Car,FCV,LOP,High,0,0,-0.611333953,-0.994144978,-1.178237928,-1.380852225,-1.552031089,-2.237769886,-3.812947903,-0.647552409,-2.766164597,-0.02191698,0.001274829,0.002118923,0.001830013,0.000949164,0.000774047,0.000341493,-0.000113831,-0.000280198,1.23E-05,-4.55E-05,-0.000208397,-0.000173372,-0.000106825,-0.000194386,-9.28E-05,-0.000113829,-5.25E-05,-0.000106824,-7.36E-05,-4.73E-05,-7.00E-06,-0.00015936,-0.000106824,-0.000147102
Light truck,ICEV-G,LOP,Med,0,0,-1.243128358,-1.636589057,-1.43183248,-2.810543873,-3.970296105,-3.319070992,-2.852073552,-3.866061172,-4.685490674,0.069590697,0.054596326,0.06634456,0.074333607,0.048177788,0.052920507,0.072868212,0.067699303,0.077912759,0.091075046,0.090841892,0.088410814,0.085222636,0.082351996,0.090782833,0.08458314,0.094846359,0.28345588,0.317996132,0.319569095,0.321367088,0.32438568,0.323273869,0.324330631,0.322322357
Light truck,ICEV-G,LOP,High,0,0,-2.946671428,-2.717988324,-3.001313363,-5.718370287,-8.998204448,-7.500608294,-6.313515043,-6.073781542,-4.585792365,-0.538633389,-0.300717386,-0.105186248,-0.065477138,-0.033332439,0.010448737,0.014811548,0.011577752,0.009553164,0.037448579,0.036021644,0.027364524,0.042370956,0.051383653,0.074531548,0.069742079,0.078101392,0.0785637,0.077769072,0.078184858,0.07923044,0.08344772,0.085066708,0.085152501,0.080370967
Light truck,BEV100,LOP,Med,0,0,-0.20809906,-0.537311807,-0.737772027,-0.573295957,-0.598015837,-0.959021443,-1.493977381,-0.493552158,-1.228347437,-0.0025678,-0.003572028,-0.000562704,0.000393462,-0.006058463,-0.004181695,-0.00446481,-0.003901977,-0.00405593,-0.001423275,-0.001452637,-0.002150919,-0.001489169,-0.001007219,-0.001547894,-0.000636114,-0.001003789,-0.000485265,-0.00073873,-0.00051513,-0.000397067,-0.000348877,-0.001073595,-0.000779647,-0.000790236
Light truck,BEV100,LOP,High,0,0,-0.611354545,-0.994127948,-1.178229865,-1.38086054,-1.552029299,-2.237771234,-3.812951075,-0.647553578,-2.766148301,-0.021926353,0.001264556,0.002133504,0.00182793,0.000935051,0.000789434,0.000336277,-0.000102512,-0.000306576,2.97E-05,-5.84E-05,-0.000212687,-0.000160952,-0.000116882,-0.000189693,-8.81E-05,-0.000131252,-4.41E-05,-0.000123587,-4.41E-05,-5.17E-05,0,-0.000182027,-8.81E-05,-0.000145621
Light truck,BEV300,LOP,Med,0,0,-0.77575712,-1.006151017,-0.682272908,-0.879962378,-1.508941816,-1.053561285,-0.750060344,-0.688340364,-0.570538689,-0.004607633,-0.011268077,-0.019066225,-0.031694157,-0.044229489,-0.038213744,-0.033171205,-0.028835392,-0.025581507,-0.016094158,-0.01076758,-0.006709598,-0.004935078,-0.003409376,-0.003906726,-0.002348723,-0.002563713,-0.000927702,-0.001415056,-0.001513506,-0.000961676,-0.000894316,-0.002768269,-0.001949962,-0.002033162
Light truck,BEV300,LOP,High,0,0,-1.426553179,-0.937278852,-0.831016918,-1.395379984,-2.729676926,-2.225948647,-1.988112428,-2.571267392,-1.987717536,-0.005059054,-0.004102141,-0.006715826,-0.007578899,-0.009944935,-0.008912179,-0.008511042,-0.007414283,-0.004845371,-0.001368465,-0.001636241,-0.002702762,-0.002022659,-0.001389524,-0.001909408,-0.000955155,-0.001278125,-0.000540141,-0.000814345,-0.000603624,-0.000407628,-0.00036438,-0.00103976,-0.000778434,-0.00079407
Light truck,FFV,LOP,Med,0,0,-1.26227113,-1.615529284,-1.434009479,-2.821719205,-3.980830302,-3.32489184,-2.848079776,-3.863220118,-4.787908834,0.072072054,0.055937582,0.072453873,0.076819567,0.052588805,0.055509138,0.076321657,0.071110168,0.080875872,0.095027371,0.094847353,0.092574795,0.089230395,0.086248838,0.095303385,0.088790167,0.099681743,0.107289783,0.28942442,0.330334616,0.332176817,0.334563923,0.332454528,0.335315754,0.333305943
Light truck,FFV,LOP,High,0,0,-2.961633129,-2.695948247,-3.0014927,-5.725176209,-9.010953665,-7.505569721,-6.29854892,-6.077860573,-4.721414871,-0.54244228,-0.289777494,-0.098189792,-0.059623194,-0.032071039,0.011918313,0.016642652,0.013294969,0.01149166,0.039562914,0.044838294,0.039563576,0.044177155,0.043989072,0.057261377,0.06315436,0.081350819,0.082169036,0.081389658,0.081969808,0.083091995,0.087648577,0.089323982,0.089553701,0.084536627
Light truck,ICEV-D,LOP,Med,0,0,-0.559884505,-0.61093587,-0.823286067,-1.476331021,-2.437407415,-2.493691681,-1.886374444,-2.39817154,-3.577650572,0.064295821,0.049302385,0.055016446,0.06780465,0.053720714,0.054103156,0.071970636,0.065164901,0.069138467,0.123183333,0.312883134,0.313969499,0.314949514,0.315178688,0.317651226,0.317100063,0.331252532,0.345269982,0.342808586,0.344097582,0.345562321,0.347210399,0.34545107,0.346717931,0.345710404
Light truck,ICEV-D,LOP,High,0,0,-1.406997427,-1.037658405,-1.541002687,-2.81249483,-4.458715266,-4.698056821,-4.654812631,-3.832194251,-2.630632588,-0.363169217,-0.218963837,-0.068294863,-0.001224839,-0.029450765,0.012407835,0.015066743,0.011269124,0.0083046,0.03804355,0.044542691,0.035680099,0.040707618,0.040881801,0.036648193,0.043805267,0.051618918,0.059342176,0.064946082,0.070231686,0.069672118,0.073143721,0.074397134,0.074210165,0.069873318
Light truck,CNG,LOP,Med,0,0,-1.677940792,-1.571563856,-1.084647265,-2.123818714,-3.207319426,-3.579875557,-4.129989471,-4.282457468,-2.299981448,-0.307274027,-0.307838582,-0.336579819,-0.330021515,-0.348580603,-0.261032181,-0.181884309,-0.146457635,-0.112930512,-0.057528056,-0.042458707,-0.0336961,-0.018239379,-0.006214456,-0.004547313,0.01214628,0.019727924,0.038355298,0.032134262,0.036711225,0.041973775,0.04555328,0.035473032,0.039626396,0.035230609
Light truck,CNG,LOP,High,0,0,-3.00207667,-2.631627947,-3.002175444,-5.744342638,-9.046165762,-7.516246568,-6.252571261,-6.085038518,-5.099217526,-0.554351684,-0.259090476,-0.098394467,-0.02684759,-0.027040631,0.020981184,0.026118894,0.022987462,0.021719904,0.04861695,0.047283782,0.039234056,0.051354378,0.059476952,0.056813984,0.058164424,0.062672651,0.075405144,0.083103105,0.083765442,0.084759239,0.089316854,0.091121493,0.091334774,0.086392639
Light truck,HEV,LOP,Med,0,0,-1.58294301,-0.947037972,-1.293379325,-2.878362374,-3.86008698,-3.038098278,-2.138106233,-3.118781271,-6.497596494,0.120889681,0.090504012,0.090433909,0.092814604,0.078523252,0.076214798,0.094291412,0.085984838,0.08768844,0.094611606,0.094160168,0.092515431,0.087795773,0.084247772,0.093409296,0.083684515,0.093777505,0.156705787,0.308521789,0.309754284,0.310913645,0.313179329,0.311322204,0.312568443,0.310568026
Light truck,HEV,LOP,High,0,0,-3.585720416,-1.996395422,-2.166252892,-4.974371762,-6.586334535,-3.799551758,-2.909364445,-3.680581734,-2.965368423,-0.505641222,-0.068207948,-0.110112615,-0.120779618,-0.194882138,-0.168167195,-0.147330295,-0.120948095,-0.102014571,-0.017562009,-0.00280999,0.000893091,0.019195017,0.0355903,0.033915972,0.049746782,0.056101231,0.083175772,0.070693211,0.077727367,0.085912084,0.092273468,0.072022843,0.080673365,0.071281942
Light truck,PHEV20,LOP,Med,0,0,-1.446494551,-0.74464869,-1.445018112,-2.297236465,-3.224131129,-2.598834925,-2.130636719,-1.865308435,-5.047772398,-2.170919266,0.018343895,0.070473547,0.076132634,0.044465465,0.051071223,0.087446114,0.055543123,0.068523095,0.074594282,0.071607331,0.069940236,0.062305077,0.060611743,0.081956973,0.052614958,0.082646577,0.126455424,0.235871864,0.440657684,0.262470743,0.24809475,0.244252286,0.246608264,0.242747503
Light truck,PHEV20,LOP,High,0,0,-1.811978867,-0.932798322,-1.810129377,-2.877676881,-4.038769082,-3.255479918,-2.668982545,-2.336614031,-6.323187947,-2.719443242,0.022978829,0.088280027,0.09536899,0.055700509,0.063975337,0.109541035,0.069577148,0.085836757,0.093441944,0.089700283,0.087611965,0.078047638,0.075926451,0.102664959,0.065909126,0.103528804,0.158406789,0.295469369,0.551998216,0.328788961,0.3107806,0.305967264,0.308918525,0.30408227
Light truck,PHEV40,LOP,Med,0,0,-0.182746507,0.353255607,-3.453770304,-2.732830094,-1.786769446,-1.88530256,-2.150452056,-0.947324779,-1.714697164,-1.60783552,0.009205756,0.086686897,0.093033864,0.042325221,0.051309864,0.099279511,0.049896878,0.067364148,0.067582085,0.061485734,0.059033291,0.04832602,0.045961104,0.070921325,0.031033308,0.069032387,0.065058361,0.052212822,0.059269514,0.057461704,0.068300883,0.054150253,0.059893901,0.043114144
Light truck,PHEV40,LOP,High,0,0,-1.951289097,0.347029476,-4.262020009,-3.651708847,-3.245562734,-3.387977062,-3.69207235,-1.966288991,-2.729428443,-2.552206975,2.96E-05,0.107569698,0.12153465,0.058008722,0.069252694,0.134651176,0.068574974,0.093087955,0.09352091,0.085677448,0.082877976,0.068052781,0.065104536,0.101261811,0.043217205,0.100135683,0.107365607,0.08842237,0.090086596,0.08798107,0.104090142,0.084279947,0.093010642,0.068679492
Light truck,FCV,LOP,Med,0,0,-0.939607429,-0.617336711,-0.547357206,-0.919070936,-1.797915092,-1.46613365,-1.309484197,-1.693564464,-1.30921976,-0.003332158,-0.002705518,-0.004416851,-0.005001574,-0.006542022,-0.005873796,-0.005608207,-0.004879459,-0.003190401,-0.00089972,-0.001080862,-0.001781125,-0.001326394,-0.000917886,-0.001261917,-0.00062609,-0.000843691,-0.000362274,-0.000527604,-0.000398739,-0.000260152,-0.000245563,-0.000686841,-0.000509352,-0.000525151
Light truck,FCV,LOP,High,0,0,-0.934155012,-0.553889488,-0.781055676,-1.75613807,-3.339973668,-3.270538571,-3.08548223,-2.959216823,-2.504639041,0.02946757,0.020185488,0.011363417,0.005439851,0.00252679,0.001759346,0.001990879,0.002065713,0.002275898,0.001996348,0.00205872,0.002227955,0.002194166,0.002155031,0.000847771,0.000550342,4.81E-05,2.14E-05,3.92E-05,2.85E-05,2.67E-05,7.12E-06,3.38E-05,2.67E-05,2.14E-05
