"LWscen","Year","GWP100","fc_impro","frv_impro","aeo_scen","Case","y_start","y_end","delta_y","rel_delta_y","cum_GWP100"
"Baseline without technological changes",2015,1511306011540.24,"n","n","REF_BAU","No Change",NA,NA,NA,NA,NA
"Baseline without technological changes",2016,1498021454855.47,"n","n","REF_BAU","No Change",NA,NA,NA,NA,NA
"Baseline without technological changes",2017,1502427899150.19,"n","n","REF_BAU","No Change",NA,NA,NA,NA,NA
"Baseline without technological changes",2018,1507495191361.34,"n","n","REF_BAU","No Change",NA,NA,NA,NA,NA
"Baseline without technological changes",2019,1510843297012.74,"n","n","REF_BAU","No Change",NA,NA,NA,NA,NA
"Baseline without technological changes",2020,1513925651604.03,"n","n","REF_BAU","No Change",NA,NA,NA,NA,NA
"Baseline without technological changes",2021,1513500973984.94,"n","n","REF_BAU","No Change",NA,NA,NA,NA,NA
"Baseline without technological changes",2022,1516538020807.46,"n","n","REF_BAU","No Change",NA,NA,NA,NA,NA
"Baseline without technological changes",2023,1522379195817.26,"n","n","REF_BAU","No Change",NA,NA,NA,NA,NA
"Baseline without technological changes",2024,1529356557126.72,"n","n","REF_BAU","No Change",NA,NA,NA,NA,NA
"Baseline without technological changes",2025,1538184426230.34,"n","n","REF_BAU","No Change",NA,NA,NA,NA,NA
"Baseline without technological changes",2026,1549448668370.78,"n","n","REF_BAU","No Change",NA,NA,NA,NA,NA
"Baseline without technological changes",2027,1561501022809.62,"n","n","REF_BAU","No Change",NA,NA,NA,NA,NA
"Baseline without technological changes",2028,1575257812800.88,"n","n","REF_BAU","No Change",NA,NA,NA,NA,NA
"Baseline without technological changes",2029,1589371294156.61,"n","n","REF_BAU","No Change",NA,NA,NA,NA,NA
"Baseline without technological changes",2030,1604718753833.48,"n","n","REF_BAU","No Change",NA,NA,NA,NA,NA
"Baseline without technological changes",2031,1620548029827.41,"n","n","REF_BAU","No Change",NA,NA,NA,NA,NA
"Baseline without technological changes",2032,1635253488172.47,"n","n","REF_BAU","No Change",NA,NA,NA,NA,NA
"Baseline without technological changes",2033,1649195980934.76,"n","n","REF_BAU","No Change",NA,NA,NA,NA,NA
"Baseline without technological changes",2034,1663786556916.39,"n","n","REF_BAU","No Change",NA,NA,NA,NA,NA
"Baseline without technological changes",2035,1678433921685.95,"n","n","REF_BAU","No Change",NA,NA,NA,NA,NA
"Baseline without technological changes",2036,1693531300201.93,"n","n","REF_BAU","No Change",NA,NA,NA,NA,NA
"Baseline without technological changes",2037,1708553270540.72,"n","n","REF_BAU","No Change",NA,NA,NA,NA,NA
"Baseline without technological changes",2038,1724812803175.66,"n","n","REF_BAU","No Change",NA,NA,NA,NA,NA
"Baseline without technological changes",2039,1741687839279.19,"n","n","REF_BAU","No Change",NA,NA,NA,NA,NA
"Baseline without technological changes",2040,1758613423226,"n","n","REF_BAU","No Change",NA,NA,NA,NA,NA
"Baseline without technological changes",2041,1776919868817.94,"n","n","REF_BAU","No Change",NA,NA,NA,NA,NA
"Baseline without technological changes",2042,1795900070566.19,"n","n","REF_BAU","No Change",NA,NA,NA,NA,NA
"Baseline without technological changes",2043,1816575026902.05,"n","n","REF_BAU","No Change",NA,NA,NA,NA,NA
"Baseline without technological changes",2044,1838887768596.3,"n","n","REF_BAU","No Change",NA,NA,NA,NA,NA
"Baseline without technological changes",2045,1862313695836.32,"n","n","REF_BAU","No Change",NA,NA,NA,NA,NA
"Baseline without technological changes",2046,1887116355207.28,"n","n","REF_BAU","No Change",NA,NA,NA,NA,NA
"Baseline without technological changes",2047,1911825243249.14,"n","n","REF_BAU","No Change",NA,NA,NA,NA,NA
"Baseline without technological changes",2048,1934727452940.44,"n","n","REF_BAU","No Change",NA,NA,NA,NA,NA
"Baseline without technological changes",2049,1959475973284.93,"n","n","REF_BAU","No Change",NA,NA,NA,NA,NA
"Baseline without technological changes",2050,1984670872142.13,"n","n","REF_BAU","No Change",NA,NA,NA,NA,NA
"BAU",2015,1511306011540.24,"n","n","REF","Alternative powertrain/fuel penetration",1511306011540.24,1511306011540.24,0,0,0
"BAU",2016,1498021454855.47,"n","n","REF","Alternative powertrain/fuel penetration",1498021454855.47,1498021454855.47,0,0,0
"BAU",2017,1498757261099.15,"n","n","REF","Alternative powertrain/fuel penetration",1502427899150.19,1498757261099.15,-3670638051.04004,-0.00244313757293527,-3670638051.04102
"BAU",2018,1504881495517.44,"n","n","REF","Alternative powertrain/fuel penetration",1507495191361.34,1504881495517.44,-2613695843.89404,-0.00173380045181687,-6284333894.93359
"BAU",2019,1508435579221.76,"n","n","REF","Alternative powertrain/fuel penetration",1510843297012.74,1508435579221.76,-2407717790.98315,-0.00159362509384244,-8692051685.91699
"BAU",2020,1510438384935.35,"n","n","REF","Alternative powertrain/fuel penetration",1513925651604.03,1510438384935.35,-3487266668.67383,-0.00230345966129778,-12179318354.5898
"BAU",2021,1508360755473.74,"n","n","REF","Alternative powertrain/fuel penetration",1513500973984.94,1508360755473.74,-5140218511.20776,-0.00339624394008411,-17319536865.7988
"BAU",2022,1508480371946.22,"n","n","REF","Alternative powertrain/fuel penetration",1516538020807.46,1508480371946.22,-8057648861.24243,-0.0053131861850402,-25377185727.041
"BAU",2023,1510812503835.2,"n","n","REF","Alternative powertrain/fuel penetration",1522379195817.26,1510812503835.2,-11566691982.0588,-0.00759777328397444,-36943877709.0996
"BAU",2024,1513962955734.91,"n","n","REF","Alternative powertrain/fuel penetration",1529356557126.72,1513962955734.91,-15393601391.8137,-0.0100654103976475,-52337479100.9141
"BAU",2025,1518540118485.37,"n","n","REF","Alternative powertrain/fuel penetration",1538184426230.34,1518540118485.37,-19644307744.9712,-0.0127711004025141,-71981786845.8848
"BAU",2026,1525580647532.41,"n","n","REF","Alternative powertrain/fuel penetration",1549448668370.78,1525580647532.41,-23868020838.3657,-0.0154042023628073,-95849807684.25
"BAU",2027,1533127382963.65,"n","n","REF","Alternative powertrain/fuel penetration",1561501022809.62,1533127382963.65,-28373639845.9724,-0.0181707468848912,-124223447530.223
"BAU",2028,1542220694417.62,"n","n","REF","Alternative powertrain/fuel penetration",1575257812800.88,1542220694417.62,-33037118383.261,-0.0209725151748458,-157260565913.484
"BAU",2029,1551503781344.42,"n","n","REF","Alternative powertrain/fuel penetration",1589371294156.61,1551503781344.42,-37867512812.1885,-0.0238254666806995,-195128078725.672
"BAU",2030,1562062226809.89,"n","n","REF","Alternative powertrain/fuel penetration",1604718753833.48,1562062226809.89,-42656527023.5898,-0.0265819333896912,-237784605749.262
"BAU",2031,1572892380633.58,"n","n","REF","Alternative powertrain/fuel penetration",1620548029827.41,1572892380633.58,-47655649193.8323,-0.0294071192687251,-285440254943.098
"BAU",2032,1582599942370.07,"n","n","REF","Alternative powertrain/fuel penetration",1635253488172.47,1582599942370.07,-52653545802.405,-0.0321990114580032,-338093800745.5
"BAU",2033,1591640919224.55,"n","n","REF","Alternative powertrain/fuel penetration",1649195980934.76,1591640919224.55,-57555061710.21,-0.0348988612484902,-395648862455.707
"BAU",2034,1601438551136.88,"n","n","REF","Alternative powertrain/fuel penetration",1663786556916.39,1601438551136.88,-62348005779.5168,-0.0374735602474578,-457996868235.227
"BAU",2035,1611252522193.77,"n","n","REF","Alternative powertrain/fuel penetration",1678433921685.95,1611252522193.77,-67181399492.1792,-0.040026240309,-525178267727.406
"BAU",2036,1621807636127.47,"n","n","REF","Alternative powertrain/fuel penetration",1693531300201.93,1621807636127.47,-71723664074.4626,-0.0423515432315366,-596901931801.867
"BAU",2037,1632185655231.69,"n","n","REF","Alternative powertrain/fuel penetration",1708553270540.72,1632185655231.69,-76367615309.0339,-0.0446972398378103,-673269547110.898
"BAU",2038,1643850845353.49,"n","n","REF","Alternative powertrain/fuel penetration",1724812803175.66,1643850845353.49,-80961957822.1675,-0.0469395621792135,-754231504933.07
"BAU",2039,1656231017738.41,"n","n","REF","Alternative powertrain/fuel penetration",1741687839279.19,1656231017738.41,-85456821540.7842,-0.0490655211648896,-839688326473.852
"BAU",2040,1668645130569.1,"n","n","REF","Alternative powertrain/fuel penetration",1758613423226,1668645130569.1,-89968292656.8967,-0.0511586523045291,-929656619130.75
"BAU",2041,1682560042088.06,"n","n","REF","Alternative powertrain/fuel penetration",1776919868817.94,1682560042088.06,-94359826729.8838,-0.0531030286653582,-1024016445860.63
"BAU",2042,1697093519776.77,"n","n","REF","Alternative powertrain/fuel penetration",1795900070566.19,1697093519776.77,-98806550789.4268,-0.055017844483004,-1122822996650.06
"BAU",2043,1713448014911.13,"n","n","REF","Alternative powertrain/fuel penetration",1816575026902.05,1713448014911.13,-103127011990.922,-0.056770026265743,-1225950008640.98
"BAU",2044,1731657304958.85,"n","n","REF","Alternative powertrain/fuel penetration",1838887768596.3,1731657304958.85,-107230463637.449,-0.0583126743614714,-1333180472278.44
"BAU",2045,1750789108462.2,"n","n","REF","Alternative powertrain/fuel penetration",1862313695836.32,1750789108462.2,-111524587374.123,-0.0598849633246346,-1444705059652.55
"BAU",2046,1771370299152.13,"n","n","REF","Alternative powertrain/fuel penetration",1887116355207.28,1771370299152.13,-115746056055.146,-0.0613348804570305,-1560451115707.7
"BAU",2047,1791953895910.32,"n","n","REF","Alternative powertrain/fuel penetration",1911825243249.14,1791953895910.32,-119871347338.818,-0.0626999500932926,-1680322463046.52
"BAU",2048,1810797728781.25,"n","n","REF","Alternative powertrain/fuel penetration",1934727452940.44,1810797728781.25,-123929724159.189,-0.0640553913528429,-1804252187205.7
"BAU",2049,1831742717418.75,"n","n","REF","Alternative powertrain/fuel penetration",1959475973284.93,1831742717418.75,-127733255866.181,-0.0651874570587587,-1931985443071.89
"BAU",2050,1853152657124.99,"n","n","REF","Alternative powertrain/fuel penetration",1984670872142.13,1853152657124.99,-131518215017.142,-0.0662670152835919,-2063503658089.03
"Baseline with technological changes",2015,1511306011540.24,"Med","Med","REF","Fuel consumption improvements",1511306011540.24,1511306011540.24,0,0,0
"Baseline with technological changes",2016,1498015693682.26,"Med","Med","REF","Fuel consumption improvements",1498021454855.47,1498015693682.26,-5761173.20825195,-3.84585493724306e-06,-5761173.20849609
"Baseline with technological changes",2017,1498243358416.45,"Med","Med","REF","Fuel consumption improvements",1498757261099.15,1498243358416.45,-513902682.700439,-0.0003428858668705,-519663855.908203
"Baseline with technological changes",2018,1502275339892.06,"Med","Med","REF","Fuel consumption improvements",1504881495517.44,1502275339892.06,-2606155625.38354,-0.00173180123029384,-3125819481.29199
"Baseline with technological changes",2019,1502057842607.46,"Med","Med","REF","Fuel consumption improvements",1508435579221.76,1502057842607.46,-6377736614.29517,-0.00422804705891756,-9503556095.58789
"Baseline with technological changes",2020,1498059241926.24,"Med","Med","REF","Fuel consumption improvements",1510438384935.35,1498059241926.24,-12379143009.1118,-0.00819572855971986,-21882699104.6992
"Baseline with technological changes",2021,1487146847196.87,"Med","Med","REF","Fuel consumption improvements",1508360755473.74,1487146847196.87,-21213908276.866,-0.014064213882443,-43096607381.5645
"Baseline with technological changes",2022,1476029480215.12,"Med","Med","REF","Fuel consumption improvements",1508480371946.22,1476029480215.12,-32450891731.0984,-0.0215123062484603,-75547499112.6641
"Baseline with technological changes",2023,1464667630645.44,"Med","Med","REF","Fuel consumption improvements",1510812503835.2,1464667630645.44,-46144873189.7566,-0.0305430839846889,-121692372302.42
"Baseline with technological changes",2024,1451360656272.3,"Med","Med","REF","Fuel consumption improvements",1513962955734.91,1451360656272.3,-62602299462.6013,-0.0413499545847296,-184294671765.021
"Baseline with technological changes",2025,1436721845898.32,"Med","Med","REF","Fuel consumption improvements",1518540118485.37,1436721845898.32,-81818272587.0452,-0.0538795594473019,-266112944352.066
"Baseline with technological changes",2026,1424907649493.38,"Med","Med","REF","Fuel consumption improvements",1525580647532.41,1424907649493.38,-100672998039.029,-0.0659899548423511,-366785942391.094
"Baseline with technological changes",2027,1414170321127.01,"Med","Med","REF","Fuel consumption improvements",1533127382963.65,1414170321127.01,-118957061836.635,-0.0775911141882304,-485743004227.73
"Baseline with technological changes",2028,1405739554699.19,"Med","Med","REF","Fuel consumption improvements",1542220694417.62,1405739554699.19,-136481139718.435,-0.0884965039131272,-622224143946.168
"Baseline with technological changes",2029,1398473105301.31,"Med","Med","REF","Fuel consumption improvements",1551503781344.42,1398473105301.31,-153030676043.111,-0.0986337757491677,-775254819989.277
"Baseline with technological changes",2030,1393480222136.62,"Med","Med","REF","Fuel consumption improvements",1562062226809.89,1393480222136.62,-168582004673.271,-0.107922720221944,-943836824662.547
"Baseline with technological changes",2031,1389806248084.13,"Med","Med","REF","Fuel consumption improvements",1572892380633.58,1389806248084.13,-183086132549.456,-0.116400927872577,-1126922957212
"Baseline with technological changes",2032,1386327978333,"Med","Med","REF","Fuel consumption improvements",1582599942370.07,1386327978333,-196271964037.069,-0.12401868519162,-1323194921249.07
"Baseline with technological changes",2033,1383525149424.06,"Med","Med","REF","Fuel consumption improvements",1591640919224.55,1383525149424.06,-208115769800.49,-0.130755478378807,-1531310691049.56
"Baseline with technological changes",2034,1382660625000,"Med","Med","REF","Fuel consumption improvements",1601438551136.88,1382660625000,-218777926136.88,-0.136613375506396,-1750088617186.44
"Baseline with technological changes",2035,1382935731878.54,"Med","Med","REF","Fuel consumption improvements",1611252522193.77,1382935731878.54,-228316790315.232,-0.141701432376578,-1978405407501.68
"Baseline with technological changes",2036,1385051486775.18,"Med","Med","REF","Fuel consumption improvements",1621807636127.47,1385051486775.18,-236756149352.296,-0.145982879891735,-2215161556853.97
"Baseline with technological changes",2037,1388132577010.51,"Med","Med","REF","Fuel consumption improvements",1632185655231.69,1388132577010.51,-244053078221.178,-0.149525317441008,-2459214635075.15
"Baseline with technological changes",2038,1393498069904.75,"Med","Med","REF","Fuel consumption improvements",1643850845353.49,1393498069904.75,-250352775448.747,-0.152296527483861,-2709567410523.9
"Baseline with technological changes",2039,1400652703998.32,"Med","Med","REF","Fuel consumption improvements",1656231017738.41,1400652703998.32,-255578313740.088,-0.154313203292788,-2965145724263.98
"Baseline with technological changes",2040,1408842164052.15,"Med","Med","REF","Fuel consumption improvements",1668645130569.1,1408842164052.15,-259802966516.954,-0.155696955426554,-3224948690780.95
"Baseline with technological changes",2041,1419042202748.72,"Med","Med","REF","Fuel consumption improvements",1682560042088.06,1419042202748.72,-263517839339.334,-0.156617198047987,-3488466530120.27
"Baseline with technological changes",2042,1430351239588.37,"Med","Med","REF","Fuel consumption improvements",1697093519776.77,1430351239588.37,-266742280188.401,-0.157175946451959,-3755208810308.67
"Baseline with technological changes",2043,1443777100554.3,"Med","Med","REF","Fuel consumption improvements",1713448014911.13,1443777100554.3,-269670914356.834,-0.157384940780255,-4024879724665.51
"Baseline with technological changes",2044,1459272114422.96,"Med","Med","REF","Fuel consumption improvements",1731657304958.85,1459272114422.96,-272385190535.89,-0.157297399292502,-4297264915201.4
"Baseline with technological changes",2045,1475945508928.17,"Med","Med","REF","Fuel consumption improvements",1750789108462.2,1475945508928.17,-274843599534.035,-0.156982698947358,-4572108514735.43
"Baseline with technological changes",2046,1493896186788.16,"Med","Med","REF","Fuel consumption improvements",1771370299152.13,1493896186788.16,-277474112363.973,-0.156643764715252,-4849582627099.41
"Baseline with technological changes",2047,1512149701994.47,"Med","Med","REF","Fuel consumption improvements",1791953895910.32,1512149701994.47,-279804193915.853,-0.156144750461736,-5129386821015.26
"Baseline with technological changes",2048,1529053316589.73,"Med","Med","REF","Fuel consumption improvements",1810797728781.25,1529053316589.73,-281744412191.521,-0.155591321832035,-5411131233206.78
"Baseline with technological changes",2049,1548064930616.89,"Med","Med","REF","Fuel consumption improvements",1831742717418.75,1548064930616.89,-283677786801.864,-0.154867702818885,-5694809020008.64
"Baseline with technological changes",2050,1567461394200.96,"Med","Med","REF","Fuel consumption improvements",1853152657124.99,1567461394200.96,-285691262924.021,-0.154164991116947,-5980500282932.66
"Aluminum Maximum",2015,1511306011540.24,"Med","Med","REF","Aluminum Maximum lightweighting",1511306011540.24,1511306011540.24,0,0,0
"Aluminum Maximum",2016,1499914584200.88,"Med","Med","REF","Aluminum Maximum lightweighting",1498015693682.26,1499914584200.88,1898890518.61597,0.00126760388868044,1898890518.61621
"Aluminum Maximum",2017,1500868411498.71,"Med","Med","REF","Aluminum Maximum lightweighting",1498243358416.45,1500868411498.71,2625053082.26001,0.00175208724771824,4523943600.87598
"Aluminum Maximum",2018,1504932918982.29,"Med","Med","REF","Aluminum Maximum lightweighting",1502275339892.06,1504932918982.29,2657579090.22559,0.00176903595476481,7181522691.10156
"Aluminum Maximum",2019,1503564313827.88,"Med","Med","REF","Aluminum Maximum lightweighting",1502057842607.46,1503564313827.88,1506471220.41748,0.00100293822094251,8687993911.51953
"Aluminum Maximum",2020,1497429388327.64,"Med","Med","REF","Aluminum Maximum lightweighting",1498059241926.24,1497429388327.64,-629853598.60376,-0.000420446388885047,8058140312.91406
"Aluminum Maximum",2021,1483321505774.78,"Med","Med","REF","Aluminum Maximum lightweighting",1487146847196.87,1483321505774.78,-3825341422.08813,-0.00257226879060298,4232798890.82617
"Aluminum Maximum",2022,1468552383485.57,"Med","Med","REF","Aluminum Maximum lightweighting",1476029480215.12,1468552383485.57,-7477096729.5498,-0.00506568251499967,-3244297838.72266
"Aluminum Maximum",2023,1452863693561.61,"Med","Med","REF","Aluminum Maximum lightweighting",1464667630645.44,1452863693561.61,-11803937083.8325,-0.00805912333751162,-15048234922.5566
"Aluminum Maximum",2024,1434392195806.53,"Med","Med","REF","Aluminum Maximum lightweighting",1451360656272.3,1434392195806.53,-16968460465.7695,-0.0116914154951338,-32016695388.3242
"Aluminum Maximum",2025,1413931737936.45,"Med","Med","REF","Aluminum Maximum lightweighting",1436721845898.32,1413931737936.45,-22790107961.8669,-0.0158625749493057,-54806803350.1914
"Aluminum Maximum",2026,1395714147843.77,"Med","Med","REF","Aluminum Maximum lightweighting",1424907649493.38,1395714147843.77,-29193501649.6104,-0.020487995597462,-84000304999.8008
"Aluminum Maximum",2027,1377785275934.85,"Med","Med","REF","Aluminum Maximum lightweighting",1414170321127.01,1377785275934.85,-36385045192.1672,-0.0257288988805609,-120385350191.969
"Aluminum Maximum",2028,1361631740834.75,"Med","Med","REF","Aluminum Maximum lightweighting",1405739554699.19,1361631740834.75,-44107813864.4368,-0.0313769458339496,-164493164056.406
"Aluminum Maximum",2029,1345916844780.02,"Med","Med","REF","Aluminum Maximum lightweighting",1398473105301.31,1345916844780.02,-52556260521.29,-0.0375811735828602,-217049424577.695
"Aluminum Maximum",2030,1331896405194.6,"Med","Med","REF","Aluminum Maximum lightweighting",1393480222136.62,1331896405194.6,-61583816942.0256,-0.0441942526084793,-278633241519.723
"Aluminum Maximum",2031,1317316355422.09,"Med","Med","REF","Aluminum Maximum lightweighting",1389806248084.13,1317316355422.09,-72489892662.0352,-0.052158272249793,-351123134181.754
"Aluminum Maximum",2032,1304243638246.58,"Med","Med","REF","Aluminum Maximum lightweighting",1386327978333,1304243638246.58,-82084340086.4141,-0.0592098993667553,-433207474268.172
"Aluminum Maximum",2033,1292517291494.09,"Med","Med","REF","Aluminum Maximum lightweighting",1383525149424.06,1292517291494.09,-91007857929.9731,-0.065779691802392,-524215332198.145
"Aluminum Maximum",2034,1283531431045.66,"Med","Med","REF","Aluminum Maximum lightweighting",1382660625000,1283531431045.66,-99129193954.3325,-0.0716945229812505,-623344526152.477
"Aluminum Maximum",2035,1276278294422.18,"Med","Med","REF","Aluminum Maximum lightweighting",1382935731878.54,1276278294422.18,-106657437456.358,-0.077123929187568,-730001963608.832
"Aluminum Maximum",2036,1271476904416.94,"Med","Med","REF","Aluminum Maximum lightweighting",1385051486775.18,1271476904416.94,-113574582358.234,-0.0820002602377407,-843576545967.066
"Aluminum Maximum",2037,1268223096457.24,"Med","Med","REF","Aluminum Maximum lightweighting",1388132577010.51,1268223096457.24,-119909480553.268,-0.0863818647722439,-963486026520.336
"Aluminum Maximum",2038,1268002974928.81,"Med","Med","REF","Aluminum Maximum lightweighting",1393498069904.75,1268002974928.81,-125495094975.936,-0.090057602293281,-1088981121496.27
"Aluminum Maximum",2039,1270201614778.36,"Med","Med","REF","Aluminum Maximum lightweighting",1400652703998.32,1270201614778.36,-130451089219.961,-0.0931359278767488,-1219432210716.23
"Aluminum Maximum",2040,1273912892866.3,"Med","Med","REF","Aluminum Maximum lightweighting",1408842164052.15,1273912892866.3,-134929271185.85,-0.0957731636862447,-1354361481902.08
"Aluminum Maximum",2041,1279992121292.09,"Med","Med","REF","Aluminum Maximum lightweighting",1419042202748.72,1279992121292.09,-139050081456.634,-0.0979886864444836,-1493411563358.72
"Aluminum Maximum",2042,1287409034167.11,"Med","Med","REF","Aluminum Maximum lightweighting",1430351239588.37,1287409034167.11,-142942205421.26,-0.0999350379578075,-1636353768779.98
"Aluminum Maximum",2043,1297244536270.11,"Med","Med","REF","Aluminum Maximum lightweighting",1443777100554.3,1297244536270.11,-146532564284.184,-0.101492511709686,-1782886333064.16
"Aluminum Maximum",2044,1309344117187.52,"Med","Med","REF","Aluminum Maximum lightweighting",1459272114422.96,1309344117187.52,-149927997235.439,-0.102741631086896,-1932814330299.6
"Aluminum Maximum",2045,1322783896298.1,"Med","Med","REF","Aluminum Maximum lightweighting",1475945508928.17,1322783896298.1,-153161612630.07,-0.10377186129405,-2085975942929.67
"Aluminum Maximum",2046,1337450916356.35,"Med","Med","REF","Aluminum Maximum lightweighting",1493896186788.16,1337450916356.35,-156445270431.806,-0.104722986654219,-2242421213361.48
"Aluminum Maximum",2047,1352629861522.98,"Med","Med","REF","Aluminum Maximum lightweighting",1512149701994.47,1352629861522.98,-159519840471.487,-0.105492095300542,-2401941053832.97
"Aluminum Maximum",2048,1366507772748.51,"Med","Med","REF","Aluminum Maximum lightweighting",1529053316589.73,1366507772748.51,-162545543841.217,-0.106304693288096,-2564486597674.18
"Aluminum Maximum",2049,1382938910438.03,"Med","Med","REF","Aluminum Maximum lightweighting",1548064930616.89,1382938910438.03,-165126020178.856,-0.106666081579056,-2729612617853.04
"Aluminum Maximum",2050,1399820958246.99,"Med","Med","REF","Aluminum Maximum lightweighting",1567461394200.96,1399820958246.99,-167640435953.978,-0.106950280609262,-2897253053807.02
