"LWscen","Year","GWP100","fc_impro","frv_impro","aeo_scen","Case"
"Aluminum Intensive",2015,1511306011540.24,"Med","Med","REF","Lightweighting"
"Aluminum Maximum",2015,1511306011540.24,"Med","Med","REF","Lightweighting"
"Baseline with technological changes",2015,1511306011540.24,"Med","Med","REF","Lightweighting"
"Steel Intensive",2015,1511306011540.24,"Med","Med","REF","Lightweighting"
"Aluminum Intensive",2016,1498151469704.62,"Med","Med","REF","Lightweighting"
"Aluminum Maximum",2016,1499914584200.88,"Med","Med","REF","Lightweighting"
"Baseline with technological changes",2016,1498015693682.26,"Med","Med","REF","Lightweighting"
"Steel Intensive",2016,1497370495907.61,"Med","Med","REF","Lightweighting"
"Aluminum Intensive",2017,1497883829325.64,"Med","Med","REF","Lightweighting"
"Aluminum Maximum",2017,1500868411498.71,"Med","Med","REF","Lightweighting"
"Baseline with technological changes",2017,1498243358416.45,"Med","Med","REF","Lightweighting"
"Steel Intensive",2017,1496717151658.18,"Med","Med","REF","Lightweighting"
"Aluminum Intensive",2018,1500874622936.57,"Med","Med","REF","Lightweighting"
"Aluminum Maximum",2018,1504932918982.29,"Med","Med","REF","Lightweighting"
"Baseline with technological changes",2018,1502275339892.06,"Med","Med","REF","Lightweighting"
"Steel Intensive",2018,1499527125534.43,"Med","Med","REF","Lightweighting"
"Aluminum Intensive",2019,1498979416622.26,"Med","Med","REF","Lightweighting"
"Aluminum Maximum",2019,1503564313827.88,"Med","Med","REF","Lightweighting"
"Baseline with technological changes",2019,1502057842607.46,"Med","Med","REF","Lightweighting"
"Steel Intensive",2019,1497850021524.07,"Med","Med","REF","Lightweighting"
"Aluminum Intensive",2020,1492762394458.54,"Med","Med","REF","Lightweighting"
"Aluminum Maximum",2020,1497429388327.64,"Med","Med","REF","Lightweighting"
"Baseline with technological changes",2020,1498059241926.24,"Med","Med","REF","Lightweighting"
"Steel Intensive",2020,1492181325947.68,"Med","Med","REF","Lightweighting"
"Aluminum Intensive",2021,1479122902363.2,"Med","Med","REF","Lightweighting"
"Aluminum Maximum",2021,1483321505774.78,"Med","Med","REF","Lightweighting"
"Baseline with technological changes",2021,1487146847196.87,"Med","Med","REF","Lightweighting"
"Steel Intensive",2021,1479458848456.96,"Med","Med","REF","Lightweighting"
"Aluminum Intensive",2022,1464895150618.73,"Med","Med","REF","Lightweighting"
"Aluminum Maximum",2022,1468552383485.57,"Med","Med","REF","Lightweighting"
"Baseline with technological changes",2022,1476029480215.12,"Med","Med","REF","Lightweighting"
"Steel Intensive",2022,1466278231133.34,"Med","Med","REF","Lightweighting"
"Aluminum Intensive",2023,1449978803175.64,"Med","Med","REF","Lightweighting"
"Aluminum Maximum",2023,1452863693561.61,"Med","Med","REF","Lightweighting"
"Baseline with technological changes",2023,1464667630645.44,"Med","Med","REF","Lightweighting"
"Steel Intensive",2023,1452622448879.03,"Med","Med","REF","Lightweighting"
"Aluminum Intensive",2024,1432660040858.65,"Med","Med","REF","Lightweighting"
"Aluminum Maximum",2024,1434392195806.53,"Med","Med","REF","Lightweighting"
"Baseline with technological changes",2024,1451360656272.3,"Med","Med","REF","Lightweighting"
"Steel Intensive",2024,1436846614971.8,"Med","Med","REF","Lightweighting"
"Aluminum Intensive",2025,1413606797104.92,"Med","Med","REF","Lightweighting"
"Aluminum Maximum",2025,1413931737936.45,"Med","Med","REF","Lightweighting"
"Baseline with technological changes",2025,1436721845898.32,"Med","Med","REF","Lightweighting"
"Steel Intensive",2025,1419546351539.1,"Med","Med","REF","Lightweighting"
"Aluminum Intensive",2026,1396981229702.86,"Med","Med","REF","Lightweighting"
"Aluminum Maximum",2026,1395714147843.77,"Med","Med","REF","Lightweighting"
"Baseline with technological changes",2026,1424907649493.38,"Med","Med","REF","Lightweighting"
"Steel Intensive",2026,1404857800263.01,"Med","Med","REF","Lightweighting"
"Aluminum Intensive",2027,1381024093544.96,"Med","Med","REF","Lightweighting"
"Aluminum Maximum",2027,1377785275934.85,"Med","Med","REF","Lightweighting"
"Baseline with technological changes",2027,1414170321127.01,"Med","Med","REF","Lightweighting"
"Steel Intensive",2027,1391180677621,"Med","Med","REF","Lightweighting"
"Aluminum Intensive",2028,1367029192457.56,"Med","Med","REF","Lightweighting"
"Aluminum Maximum",2028,1361631740834.75,"Med","Med","REF","Lightweighting"
"Baseline with technological changes",2028,1405739554699.19,"Med","Med","REF","Lightweighting"
"Steel Intensive",2028,1379699600766.14,"Med","Med","REF","Lightweighting"
"Aluminum Intensive",2029,1353812414831.01,"Med","Med","REF","Lightweighting"
"Aluminum Maximum",2029,1345916844780.02,"Med","Med","REF","Lightweighting"
"Baseline with technological changes",2029,1398473105301.31,"Med","Med","REF","Lightweighting"
"Steel Intensive",2029,1369272713648.63,"Med","Med","REF","Lightweighting"
"Aluminum Intensive",2030,1342421526246.03,"Med","Med","REF","Lightweighting"
"Aluminum Maximum",2030,1331896405194.6,"Med","Med","REF","Lightweighting"
"Baseline with technological changes",2030,1393480222136.62,"Med","Med","REF","Lightweighting"
"Steel Intensive",2030,1360802165365.86,"Med","Med","REF","Lightweighting"
"Aluminum Intensive",2031,1332029767374.48,"Med","Med","REF","Lightweighting"
"Aluminum Maximum",2031,1317316355422.09,"Med","Med","REF","Lightweighting"
"Baseline with technological changes",2031,1389806248084.13,"Med","Med","REF","Lightweighting"
"Steel Intensive",2031,1354166648512.82,"Med","Med","REF","Lightweighting"
"Aluminum Intensive",2032,1321959250117.81,"Med","Med","REF","Lightweighting"
"Aluminum Maximum",2032,1304243638246.58,"Med","Med","REF","Lightweighting"
"Baseline with technological changes",2032,1386327978333,"Med","Med","REF","Lightweighting"
"Steel Intensive",2032,1347942951231.01,"Med","Med","REF","Lightweighting"
"Aluminum Intensive",2033,1313465256522.86,"Med","Med","REF","Lightweighting"
"Aluminum Maximum",2033,1292517291494.09,"Med","Med","REF","Lightweighting"
"Baseline with technological changes",2033,1383525149424.06,"Med","Med","REF","Lightweighting"
"Steel Intensive",2033,1342587443728.53,"Med","Med","REF","Lightweighting"
"Aluminum Intensive",2034,1307489205235.73,"Med","Med","REF","Lightweighting"
"Aluminum Maximum",2034,1283531431045.66,"Med","Med","REF","Lightweighting"
"Baseline with technological changes",2034,1382660625000,"Med","Med","REF","Lightweighting"
"Steel Intensive",2034,1339310532302.24,"Med","Med","REF","Lightweighting"
"Aluminum Intensive",2035,1303025064264.16,"Med","Med","REF","Lightweighting"
"Aluminum Maximum",2035,1276278294422.18,"Med","Med","REF","Lightweighting"
"Baseline with technological changes",2035,1382935731878.54,"Med","Med","REF","Lightweighting"
"Steel Intensive",2035,1337348509753.61,"Med","Med","REF","Lightweighting"
"Aluminum Intensive",2036,1300765602613.47,"Med","Med","REF","Lightweighting"
"Aluminum Maximum",2036,1271476904416.94,"Med","Med","REF","Lightweighting"
"Baseline with technological changes",2036,1385051486775.18,"Med","Med","REF","Lightweighting"
"Steel Intensive",2036,1337386525397.91,"Med","Med","REF","Lightweighting"
"Aluminum Intensive",2037,1299857234147.53,"Med","Med","REF","Lightweighting"
"Aluminum Maximum",2037,1268223096457.24,"Med","Med","REF","Lightweighting"
"Baseline with technological changes",2037,1388132577010.51,"Med","Med","REF","Lightweighting"
"Steel Intensive",2037,1338583993958.96,"Med","Med","REF","Lightweighting"
"Aluminum Intensive",2038,1301618417227.96,"Med","Med","REF","Lightweighting"
"Aluminum Maximum",2038,1268002974928.81,"Med","Med","REF","Lightweighting"
"Baseline with technological changes",2038,1393498069904.75,"Med","Med","REF","Lightweighting"
"Steel Intensive",2038,1342195180330.57,"Med","Med","REF","Lightweighting"
"Aluminum Intensive",2039,1305546714071.15,"Med","Med","REF","Lightweighting"
"Aluminum Maximum",2039,1270201614778.36,"Med","Med","REF","Lightweighting"
"Baseline with technological changes",2039,1400652703998.32,"Med","Med","REF","Lightweighting"
"Steel Intensive",2039,1347763019027.94,"Med","Med","REF","Lightweighting"
"Aluminum Intensive",2040,1310847937247.24,"Med","Med","REF","Lightweighting"
"Aluminum Maximum",2040,1273912892866.3,"Med","Med","REF","Lightweighting"
"Baseline with technological changes",2040,1408842164052.15,"Med","Med","REF","Lightweighting"
"Steel Intensive",2040,1354548172193.93,"Med","Med","REF","Lightweighting"
"Aluminum Intensive",2041,1318358692609.53,"Med","Med","REF","Lightweighting"
"Aluminum Maximum",2041,1279992121292.09,"Med","Med","REF","Lightweighting"
"Baseline with technological changes",2041,1419042202748.72,"Med","Med","REF","Lightweighting"
"Steel Intensive",2041,1363421908128.45,"Med","Med","REF","Lightweighting"
"Aluminum Intensive",2042,1327154353315.87,"Med","Med","REF","Lightweighting"
"Aluminum Maximum",2042,1287409034167.11,"Med","Med","REF","Lightweighting"
"Baseline with technological changes",2042,1430351239588.37,"Med","Med","REF","Lightweighting"
"Steel Intensive",2042,1373507065526.77,"Med","Med","REF","Lightweighting"
"Aluminum Intensive",2043,1338203820474.85,"Med","Med","REF","Lightweighting"
"Aluminum Maximum",2043,1297244536270.11,"Med","Med","REF","Lightweighting"
"Baseline with technological changes",2043,1443777100554.3,"Med","Med","REF","Lightweighting"
"Steel Intensive",2043,1385741313092.22,"Med","Med","REF","Lightweighting"
"Aluminum Intensive",2044,1351415773806.53,"Med","Med","REF","Lightweighting"
"Aluminum Maximum",2044,1309344117187.52,"Med","Med","REF","Lightweighting"
"Baseline with technological changes",2044,1459272114422.96,"Med","Med","REF","Lightweighting"
"Steel Intensive",2044,1400070706624.8,"Med","Med","REF","Lightweighting"
"Aluminum Intensive",2045,1365916421764.85,"Med","Med","REF","Lightweighting"
"Aluminum Maximum",2045,1322783896298.1,"Med","Med","REF","Lightweighting"
"Baseline with technological changes",2045,1475945508928.17,"Med","Med","REF","Lightweighting"
"Steel Intensive",2045,1415635656172.89,"Med","Med","REF","Lightweighting"
"Aluminum Intensive",2046,1381679679110.29,"Med","Med","REF","Lightweighting"
"Aluminum Maximum",2046,1337450916356.35,"Med","Med","REF","Lightweighting"
"Baseline with technological changes",2046,1493896186788.16,"Med","Med","REF","Lightweighting"
"Steel Intensive",2046,1432480702562.53,"Med","Med","REF","Lightweighting"
"Aluminum Intensive",2047,1397910478521.48,"Med","Med","REF","Lightweighting"
"Aluminum Maximum",2047,1352629861522.98,"Med","Med","REF","Lightweighting"
"Baseline with technological changes",2047,1512149701994.47,"Med","Med","REF","Lightweighting"
"Steel Intensive",2047,1449726656944.44,"Med","Med","REF","Lightweighting"
"Aluminum Intensive",2048,1412945074698.87,"Med","Med","REF","Lightweighting"
"Aluminum Maximum",2048,1366507772748.51,"Med","Med","REF","Lightweighting"
"Baseline with technological changes",2048,1529053316589.73,"Med","Med","REF","Lightweighting"
"Steel Intensive",2048,1465769968487.34,"Med","Med","REF","Lightweighting"
"Aluminum Intensive",2049,1430201773632.24,"Med","Med","REF","Lightweighting"
"Aluminum Maximum",2049,1382938910438.03,"Med","Med","REF","Lightweighting"
"Baseline with technological changes",2049,1548064930616.89,"Med","Med","REF","Lightweighting"
"Steel Intensive",2049,1483874002279.4,"Med","Med","REF","Lightweighting"
"Aluminum Intensive",2050,1447899084566.01,"Med","Med","REF","Lightweighting"
"Aluminum Maximum",2050,1399820958246.99,"Med","Med","REF","Lightweighting"
"Baseline with technological changes",2050,1567461394200.96,"Med","Med","REF","Lightweighting"
"Steel Intensive",2050,1502397738613.03,"Med","Med","REF","Lightweighting"
