"LWscen","Year","GWP100","fc_impro","frv_impro","aeo_scen","Case","y_start","y_end","delta_y","rel_delta_y","cum_GWP100"
"BAU",2015,1511306011540.24,"n","n","REF_BAU","No Change",NA,NA,NA,NA,NA
"BAU",2016,1498021454855.47,"n","n","REF_BAU","No Change",NA,NA,NA,NA,NA
"BAU",2017,1502427899150.19,"n","n","REF_BAU","No Change",NA,NA,NA,NA,NA
"BAU",2018,1507495191361.34,"n","n","REF_BAU","No Change",NA,NA,NA,NA,NA
"BAU",2019,1510843297012.74,"n","n","REF_BAU","No Change",NA,NA,NA,NA,NA
"BAU",2020,1513925651604.03,"n","n","REF_BAU","No Change",NA,NA,NA,NA,NA
"BAU",2021,1513500973984.94,"n","n","REF_BAU","No Change",NA,NA,NA,NA,NA
"BAU",2022,1516538020807.46,"n","n","REF_BAU","No Change",NA,NA,NA,NA,NA
"BAU",2023,1522379195817.26,"n","n","REF_BAU","No Change",NA,NA,NA,NA,NA
"BAU",2024,1529356557126.72,"n","n","REF_BAU","No Change",NA,NA,NA,NA,NA
"BAU",2025,1538184426230.34,"n","n","REF_BAU","No Change",NA,NA,NA,NA,NA
"BAU",2026,1549448668370.78,"n","n","REF_BAU","No Change",NA,NA,NA,NA,NA
"BAU",2027,1561501022809.62,"n","n","REF_BAU","No Change",NA,NA,NA,NA,NA
"BAU",2028,1575257812800.88,"n","n","REF_BAU","No Change",NA,NA,NA,NA,NA
"BAU",2029,1589371294156.61,"n","n","REF_BAU","No Change",NA,NA,NA,NA,NA
"BAU",2030,1604718753833.48,"n","n","REF_BAU","No Change",NA,NA,NA,NA,NA
"BAU",2031,1620548029827.41,"n","n","REF_BAU","No Change",NA,NA,NA,NA,NA
"BAU",2032,1635253488172.47,"n","n","REF_BAU","No Change",NA,NA,NA,NA,NA
"BAU",2033,1649195980934.76,"n","n","REF_BAU","No Change",NA,NA,NA,NA,NA
"BAU",2034,1663786556916.39,"n","n","REF_BAU","No Change",NA,NA,NA,NA,NA
"BAU",2035,1678433921685.95,"n","n","REF_BAU","No Change",NA,NA,NA,NA,NA
"BAU",2036,1693531300201.93,"n","n","REF_BAU","No Change",NA,NA,NA,NA,NA
"BAU",2037,1708553270540.72,"n","n","REF_BAU","No Change",NA,NA,NA,NA,NA
"BAU",2038,1724812803175.66,"n","n","REF_BAU","No Change",NA,NA,NA,NA,NA
"BAU",2039,1741687839279.19,"n","n","REF_BAU","No Change",NA,NA,NA,NA,NA
"BAU",2040,1758613423226,"n","n","REF_BAU","No Change",NA,NA,NA,NA,NA
"BAU",2041,1776919868817.94,"n","n","REF_BAU","No Change",NA,NA,NA,NA,NA
"BAU",2042,1795900070566.19,"n","n","REF_BAU","No Change",NA,NA,NA,NA,NA
"BAU",2043,1816575026902.05,"n","n","REF_BAU","No Change",NA,NA,NA,NA,NA
"BAU",2044,1838887768596.3,"n","n","REF_BAU","No Change",NA,NA,NA,NA,NA
"BAU",2045,1862313695836.32,"n","n","REF_BAU","No Change",NA,NA,NA,NA,NA
"BAU",2046,1887116355207.28,"n","n","REF_BAU","No Change",NA,NA,NA,NA,NA
"BAU",2047,1911825243249.14,"n","n","REF_BAU","No Change",NA,NA,NA,NA,NA
"BAU",2048,1934727452940.44,"n","n","REF_BAU","No Change",NA,NA,NA,NA,NA
"BAU",2049,1959475973284.93,"n","n","REF_BAU","No Change",NA,NA,NA,NA,NA
"BAU",2050,1984670872142.13,"n","n","REF_BAU","No Change",NA,NA,NA,NA,NA
"BAU",2015,1511306011540.24,"Med","Med","REF_BAU","Fuel consumption improvements",1511306011540.24,1511306011540.24,0,0,0
"BAU",2016,1498015693682.26,"Med","Med","REF_BAU","Fuel consumption improvements",1498021454855.47,1498015693682.26,-5761173.20825195,-3.84585493724306e-06,-5761173.20849609
"BAU",2017,1501913996364.69,"Med","Med","REF_BAU","Fuel consumption improvements",1502427899150.19,1501913996364.69,-513902785.50293,-0.000342048217950163,-519663958.711914
"BAU",2018,1504912997045.14,"Med","Med","REF_BAU","Fuel consumption improvements",1507495191361.34,1504912997045.14,-2582194316.20239,-0.00171290384937848,-3101858274.91309
"BAU",2019,1504493746052.26,"Med","Med","REF_BAU","Fuel consumption improvements",1510843297012.74,1504493746052.26,-6349550960.48682,-0.00420265355979752,-9451409235.40039
"BAU",2020,1501395596022.74,"Med","Med","REF_BAU","Fuel consumption improvements",1513925651604.03,1501395596022.74,-12530055581.2876,-0.0082765329777006,-21981464816.6875
"BAU",2021,1491717983399.44,"Med","Med","REF_BAU","Fuel consumption improvements",1513500973984.94,1491717983399.44,-21782990585.4998,-0.014392452307544,-43764455402.1875
"BAU",2022,1482908309230.27,"Med","Med","REF_BAU","Fuel consumption improvements",1516538020807.46,1482908309230.27,-33629711577.1963,-0.0221753171472025,-77394166979.3828
"BAU",2023,1474248635201.61,"Med","Med","REF_BAU","Fuel consumption improvements",1522379195817.26,1474248635201.61,-48130560615.6438,-0.0316153562449374,-125524727595.027
"BAU",2024,1463644522542.02,"Med","Med","REF_BAU","Fuel consumption improvements",1529356557126.72,1463644522542.02,-65712034584.7014,-0.0429671120697701,-191236762179.729
"BAU",2025,1451853299580.55,"Med","Med","REF_BAU","Fuel consumption improvements",1538184426230.34,1451853299580.55,-86331126649.7898,-0.0561253417845111,-277567888829.518
"BAU",2026,1442881438765.8,"Med","Med","REF_BAU","Fuel consumption improvements",1549448668370.78,1442881438765.8,-106567229604.978,-0.0687775153706975,-384135118434.496
"BAU",2027,1435254663970.23,"Med","Med","REF_BAU","Fuel consumption improvements",1561501022809.62,1435254663970.23,-126246358839.392,-0.0808493603239761,-510381477273.887
"BAU",2028,1430095243706.96,"Med","Med","REF_BAU","Fuel consumption improvements",1575257812800.88,1430095243706.96,-145162569093.922,-0.0921516261746491,-655544046367.812
"BAU",2029,1426270455260.31,"Med","Med","REF_BAU","Fuel consumption improvements",1589371294156.61,1426270455260.31,-163100838896.296,-0.102619721078356,-818644885264.109
"BAU",2030,1424730381643.89,"Med","Med","REF_BAU","Fuel consumption improvements",1604718753833.48,1424730381643.89,-179988372189.589,-0.112161942246651,-998633257453.695
"BAU",2031,1424739686698.49,"Med","Med","REF_BAU","Fuel consumption improvements",1620548029827.41,1424739686698.49,-195808343128.928,-0.120828472544427,-1194441600582.62
"BAU",2032,1425014148544.91,"Med","Med","REF_BAU","Fuel consumption improvements",1635253488172.47,1425014148544.91,-210239339627.564,-0.128566819241293,-1404680940210.19
"BAU",2033,1425964681456.81,"Med","Med","REF_BAU","Fuel consumption improvements",1649195980934.76,1425964681456.81,-223231299477.956,-0.135357654310695,-1627912239688.14
"BAU",2034,1428831153038.19,"Med","Med","REF_BAU","Fuel consumption improvements",1663786556916.39,1428831153038.19,-234955403878.2,-0.141217275077435,-1862867643566.34
"BAU",2035,1432953148561.41,"Med","Med","REF_BAU","Fuel consumption improvements",1678433921685.95,1432953148561.41,-245480773124.538,-0.146255845972154,-2108348416690.88
"BAU",2036,1438721418143,"Med","Med","REF_BAU","Fuel consumption improvements",1693531300201.93,1438721418143,-254809882058.933,-0.150460686512585,-2363158298749.82
"BAU",2037,1445603224374.38,"Med","Med","REF_BAU","Fuel consumption improvements",1708553270540.72,1445603224374.38,-262950046166.344,-0.153902164304848,-2626108344916.16
"BAU",2038,1454760688528.34,"Med","Med","REF_BAU","Fuel consumption improvements",1724812803175.66,1454760688528.34,-270052114647.324,-0.156568941365761,-2896160459563.49
"BAU",2039,1465632646177.17,"Med","Med","REF_BAU","Fuel consumption improvements",1741687839279.19,1465632646177.17,-276055193102.028,-0.158498662548092,-3172215652665.51
"BAU",2040,1477565010422.13,"Med","Med","REF_BAU","Fuel consumption improvements",1758613423226,1477565010422.13,-281048412803.871,-0.159812502902608,-3453264065469.38
"BAU",2041,1491427274644.25,"Med","Med","REF_BAU","Fuel consumption improvements",1776919868817.94,1491427274644.25,-285492594173.688,-0.160667117962729,-3738756659643.07
"BAU",2042,1506476701625.72,"Med","Med","REF_BAU","Fuel consumption improvements",1795900070566.19,1506476701625.72,-289423368940.472,-0.161157835941966,-4028180028583.54
"BAU",2043,1523577137158.08,"Med","Med","REF_BAU","Fuel consumption improvements",1816575026902.05,1523577137158.08,-292997889743.973,-0.161291378228206,-4321177918327.52
"BAU",2044,1542601369205.3,"Med","Med","REF_BAU","Fuel consumption improvements",1838887768596.3,1542601369205.3,-296286399390.997,-0.161122611423515,-4617464317718.52
"BAU",2045,1563014343052.23,"Med","Med","REF_BAU","Fuel consumption improvements",1862313695836.32,1563014343052.23,-299299352784.091,-0.160713715123961,-4916763670502.6
"BAU",2046,1584751817400.2,"Med","Med","REF_BAU","Fuel consumption improvements",1887116355207.28,1584751817400.2,-302364537807.078,-0.160225699370756,-5219128208309.69
"BAU",2047,1606697749922.65,"Med","Med","REF_BAU","Fuel consumption improvements",1911825243249.14,1606697749922.65,-305127493326.491,-0.159600096506692,-5524255701636.17
"BAU",2048,1627257032496.25,"Med","Med","REF_BAU","Fuel consumption improvements",1934727452940.44,1627257032496.25,-307470420444.192,-0.158921826418958,-5831726122080.36
"BAU",2049,1649738528071.57,"Med","Med","REF_BAU","Fuel consumption improvements",1959475973284.93,1649738528071.57,-309737445213.36,-0.158071570887448,-6141463567293.73
"BAU",2050,1672575342348.44,"Med","Med","REF_BAU","Fuel consumption improvements",1984670872142.13,1672575342348.44,-312095529793.686,-0.1572530408817,-6453559097087.41
"Aluminum Maximum",2015,1511306011540.24,"Med","Med","REF_BAU","Aluminum Maximum lightweighting",1511306011540.24,1511306011540.24,0,0,0
"Aluminum Maximum",2016,1499914584200.88,"Med","Med","REF_BAU","Aluminum Maximum lightweighting",1498015693682.26,1499914584200.88,1898890518.61597,0.00126760388868044,1898890518.61621
"Aluminum Maximum",2017,1504539073033.99,"Med","Med","REF_BAU","Aluminum Maximum lightweighting",1501913996364.69,1504539073033.99,2625076669.30249,0.00174782089763886,4523967187.91895
"Aluminum Maximum",2018,1507557878358.26,"Med","Med","REF_BAU","Aluminum Maximum lightweighting",1504912997045.14,1507557878358.26,2644881313.1228,0.00175749782101422,7168848501.04102
"Aluminum Maximum",2019,1505971359367.5,"Med","Med","REF_BAU","Aluminum Maximum lightweighting",1504493746052.26,1505971359367.5,1477613315.24414,0.000982133238586968,8646461816.28516
"Aluminum Maximum",2020,1500732333512.28,"Med","Med","REF_BAU","Aluminum Maximum lightweighting",1501395596022.74,1500732333512.28,-663262510.463867,-0.00044176399093009,7983199305.82227
"Aluminum Maximum",2021,1487782451959.32,"Med","Med","REF_BAU","Aluminum Maximum lightweighting",1491717983399.44,1487782451959.32,-3935531440.12744,-0.0026382543375651,4047667865.69336
"Aluminum Maximum",2022,1475174216972.57,"Med","Med","REF_BAU","Aluminum Maximum lightweighting",1482908309230.27,1475174216972.57,-7734092257.69507,-0.00521548919077107,-3686424392.00195
"Aluminum Maximum",2023,1461988295473.96,"Med","Med","REF_BAU","Aluminum Maximum lightweighting",1474248635201.61,1461988295473.96,-12260339727.6504,-0.00831633106852002,-15946764119.6523
"Aluminum Maximum",2024,1445965201899.79,"Med","Med","REF_BAU","Aluminum Maximum lightweighting",1463644522542.02,1445965201899.79,-17679320642.228,-0.0120789716149951,-33626084761.8809
"Aluminum Maximum",2025,1428033067453.61,"Med","Med","REF_BAU","Aluminum Maximum lightweighting",1451853299580.55,1428033067453.61,-23820232126.9395,-0.0164067761762303,-57446316888.8203
"Aluminum Maximum",2026,1412269505863.58,"Med","Med","REF_BAU","Aluminum Maximum lightweighting",1442881438765.8,1412269505863.58,-30611932902.2224,-0.0212158338722598,-88058249791.0391
"Aluminum Maximum",2027,1397039967025.26,"Med","Med","REF_BAU","Aluminum Maximum lightweighting",1435254663970.23,1397039967025.26,-38214696944.9663,-0.0266257256668695,-126272946736.008
"Aluminum Maximum",2028,1383684761288.24,"Med","Med","REF_BAU","Aluminum Maximum lightweighting",1430095243706.96,1383684761288.24,-46410482418.7205,-0.0324527213295385,-172683429154.73
"Aluminum Maximum",2029,1370805229311.73,"Med","Med","REF_BAU","Aluminum Maximum lightweighting",1426270455260.31,1370805229311.73,-55465225948.5823,-0.0388882948139448,-228148655103.309
"Aluminum Maximum",2030,1359638522097.13,"Med","Med","REF_BAU","Aluminum Maximum lightweighting",1424730381643.89,1359638522097.13,-65091859546.7607,-0.0456871422027626,-293240514650.07
"Aluminum Maximum",2031,1348097965841.06,"Med","Med","REF_BAU","Aluminum Maximum lightweighting",1424739686698.49,1348097965841.06,-76641720857.4224,-0.0537934905393295,-369882235507.496
"Aluminum Maximum",2032,1338154491309.37,"Med","Med","REF_BAU","Aluminum Maximum lightweighting",1425014148544.91,1338154491309.37,-86859657235.5415,-0.06095354023273,-456741892743.035
"Aluminum Maximum",2033,1329589275287.39,"Med","Med","REF_BAU","Aluminum Maximum lightweighting",1425964681456.81,1329589275287.39,-96375406169.4192,-0.067586110247106,-553117298912.453
"Aluminum Maximum",2034,1323783538369.46,"Med","Med","REF_BAU","Aluminum Maximum lightweighting",1428831153038.19,1323783538369.46,-105047614668.736,-0.0735199638147364,-658164913581.191
"Aluminum Maximum",2035,1319831235836.06,"Med","Med","REF_BAU","Aluminum Maximum lightweighting",1432953148561.41,1319831235836.06,-113121912725.358,-0.0789432039972308,-771286826306.547
"Aluminum Maximum",2036,1318180395672.68,"Med","Med","REF_BAU","Aluminum Maximum lightweighting",1438721418143,1318180395672.68,-120541022470.323,-0.083783435034914,-891827848776.871
"Aluminum Maximum",2037,1318246322816.22,"Med","Med","REF_BAU","Aluminum Maximum lightweighting",1445603224374.38,1318246322816.22,-127356901558.162,-0.0880994863672074,-1019184750335.03
"Aluminum Maximum",2038,1321330699199.61,"Med","Med","REF_BAU","Aluminum Maximum lightweighting",1454760688528.34,1321330699199.61,-133429989328.725,-0.09171954561386,-1152614739663.76
"Aluminum Maximum",2039,1326767676759.93,"Med","Med","REF_BAU","Aluminum Maximum lightweighting",1465632646177.17,1326767676759.93,-138864969417.241,-0.0947474592487039,-1291479709081
"Aluminum Maximum",2040,1333736710297.69,"Med","Med","REF_BAU","Aluminum Maximum lightweighting",1477565010422.13,1333736710297.69,-143828300124.442,-0.0973414361533584,-1435308009205.45
"Aluminum Maximum",2041,1343004046283.01,"Med","Med","REF_BAU","Aluminum Maximum lightweighting",1491427274644.25,1343004046283.01,-148423228361.241,-0.0995175768102028,-1583731237566.68
"Aluminum Maximum",2042,1353674755383.49,"Med","Med","REF_BAU","Aluminum Maximum lightweighting",1506476701625.72,1353674755383.49,-152801946242.229,-0.101430009556292,-1736533183808.91
"Aluminum Maximum",2043,1366724853159.97,"Med","Med","REF_BAU","Aluminum Maximum lightweighting",1523577137158.08,1366724853159.97,-156852283998.111,-0.102950011635569,-1893385467807.02
"Aluminum Maximum",2044,1381934031729.62,"Med","Med","REF_BAU","Aluminum Maximum lightweighting",1542601369205.3,1381934031729.62,-160667337475.688,-0.104153503739244,-2054052805282.71
"Aluminum Maximum",2045,1398675060168,"Med","Med","REF_BAU","Aluminum Maximum lightweighting",1563014343052.23,1398675060168,-164339282884.23,-0.105142530274745,-2218392088166.94
"Aluminum Maximum",2046,1416722499471.44,"Med","Med","REF_BAU","Aluminum Maximum lightweighting",1584751817400.2,1416722499471.44,-168029317928.759,-0.106028790176377,-2386421406095.7
"Aluminum Maximum",2047,1435192809130.94,"Med","Med","REF_BAU","Aluminum Maximum lightweighting",1606697749922.65,1435192809130.94,-171504940791.703,-0.106743748660854,-2557926346887.4
"Aluminum Maximum",2048,1452337133299.92,"Med","Med","REF_BAU","Aluminum Maximum lightweighting",1627257032496.25,1452337133299.92,-174919899196.321,-0.10749371224286,-2732846246083.73
"Aluminum Maximum",2049,1471897765205.35,"Med","Med","REF_BAU","Aluminum Maximum lightweighting",1649738528071.57,1471897765205.35,-177840762866.226,-0.107799363256739,-2910687008949.95
"Aluminum Maximum",2050,1491892638038.94,"Med","Med","REF_BAU","Aluminum Maximum lightweighting",1672575342348.44,1491892638038.94,-180682704309.502,-0.108026645936205,-3091369713259.45
